1851844.362,5758151.422,1,0
1851794.268,5758201.392,1,1
1851794.087,5758351.471,1,2
1851844.09,5758368.547,1,3
1851994.305,5758268.678,1,4
1851994.362,5758218.648,1,5
1851944.401,5758168.558,1,6
1851844.362,5758151.422,1,7
1870767.47,5743494.025,2,0
1870728.747,5743507.633,2,1
1870483.656,5743593.764,2,2
1870400.307,5743677.217,2,3
1870383.436,5743727.237,2,4
1870149.658,5743827.027,2,5
1869865.927,5743860.221,2,6
1869741.538,5743991.374,2,7
1869812.758,5744234.185,2,8
1870149.304,5744127.236,2,9
1870432.54,5744099.569,2,10
1870700.34,5743994.783,2,11
1871334.479,5744078.586,2,12
1871618.169,5744078.916,2,13
1871768.416,5744129.126,2,14
1871851.675,5744212.779,2,15
1871868.331,5744262.839,2,16
1872018.315,5744363.078,2,17
1872085.18,5744346.652,2,18
1872068.73,5744296.592,2,19
1871935.287,5744162.849,2,20
1871935.37,5744096.303,2,21
1872068.755,5744012.9,2,22
1872302.442,5743996.663,2,23
1872319.346,5743913.12,2,24
1872386.17,5743846.654,2,25
1872536.253,5743863.34,2,26
1872586.115,5744013.5,2,27
1872369.126,5744129.826,2,28
1872368.961,5744447.051,2,29
1872268.51,5744597.041,2,30
1872310.239,5744705.859,2,31
1872351.818,5744814.286,2,32
1872485.409,5744814.437,2,33
1872685.354,5745148.409,2,34
1872785.286,5745265.105,2,35
1872785.071,5745448.737,2,36
1872684.752,5745665.263,2,37
1872701.442,5745765.363,2,38
1872734.648,5745782.409,2,39
1872784.741,5745732.43,2,40
1872818.401,5745615.393,2,41
1873018.75,5745432.501,2,42
1873102.355,5745399.078,2,43
1873235.723,5745415.744,2,44
1873269.168,5745482.83,2,45
1873285.528,5745783.059,2,46
1873402.347,5745833.229,2,47
1873452.226,5745966.882,2,48
1873769.229,5746150.385,2,49
1873835.955,5746000.365,2,50
1873952.74,5746000.495,2,51
1874019.49,5746084.138,2,52
1874019.408,5746150.685,2,53
1873952.782,5746217.651,2,54
1873969.1,5746384.287,2,55
1874236.249,5746418.13,2,56
1874302.875,5746518.28,2,57
1874335.883,5746785.505,2,58
1874502.722,5747019.368,2,59
1874602.554,5747219.627,2,60
1874852.733,5747386.543,2,61
1874969.536,5747453.729,2,62
1875169.976,5747370.416,2,63
1875236.503,5747387.003,2,64
1875336.698,5747537.232,2,65
1875461.061,5747583.975,2,66
1875470.231,5747587.422,2,67
1875670.333,5747621.185,2,68
1875770.19,5747971.554,2,69
1875903.361,5748155.346,2,70
1875903.303,5748372.502,2,71
1876019.949,5748572.792,2,72
1876069.787,5748739.468,2,73
1876169.693,5748873.18,2,74
1876319.908,5748956.923,2,75
1876353.048,5749107.073,2,76
1876636.672,5749341.085,2,77
1876736.562,5749491.305,2,78
1876869.815,5749775.177,2,79
1877169.749,5750259.388,2,80
1877336.431,5750376.174,2,81
1877469.84,5750526.444,2,82
1877653.335,5750643.75,2,83
1877769.816,5750977.632,2,84
1877919.841,5751211.484,2,85
1878220.113,5751411.994,2,86
1878503.737,5751478.89,2,87
1878670.419,5751596.176,2,88
1878720.677,5751662.792,2,89
1878787.221,5751662.872,2,90
1878870.883,5751579.409,2,91
1878970.938,5751596.546,2,92
1879020.875,5751679.669,2,93
1879004.161,5751846.765,2,94
1878970.774,5751896.765,2,95
1878987.125,5752030.388,2,96
1879204.081,5752197.274,2,97
1879237.403,5752197.314,2,98
1879287.661,5752013.741,2,99
1879187.73,5751897.025,2,100
1879188.118,5751579.799,2,101
1879121.326,5751529.68,2,102
1879121.368,5751496.656,2,103
1879021.18,5751429.48,2,104
1878470.622,5751312.224,2,105
1878320.308,5751312.044,2,106
1878136.896,5751128.191,2,107
1877820.231,5750660.466,2,108
1877803.863,5750543.86,2,109
1877703.552,5750493.701,2,110
1877620.451,5750360.008,2,111
1877403.42,5750259.668,2,112
1877353.442,5750209.568,2,113
1877336.794,5750075.956,2,114
1877253.651,5749975.786,2,115
1877236.961,5749875.686,2,116
1877153.497,5749792.023,2,117
1877103.601,5749675.387,2,118
1877103.964,5749375.168,2,119
1877037.296,5749308.042,2,120
1876820.282,5749191.196,2,121
1876536.897,5748923.66,2,122
1876420.078,5748873.48,2,123
1876403.479,5748773.391,2,124
1876349.001,5748734.342,2,125
1876286.702,5748689.688,2,126
1876236.683,5748673.121,2,127
1876220.29,5748405.906,2,128
1876145.956,5748192.834,2,129
1876103.809,5748072.023,2,130
1876088.29,5747739.571,2,131
1876087.515,5747721.755,2,132
1876054.227,5747688.692,2,133
1875987.683,5747521.495,2,134
1875970.911,5747487.952,2,135
1875737.323,5747421.126,2,136
1875707.654,5747418.112,2,137
1875403.424,5747387.203,2,138
1875136.613,5747236.773,2,139
1874669.502,5747052.591,2,140
1874536.068,5746918.838,2,141
1874536.282,5746735.706,2,142
1874486.461,5746552.023,2,143
1874476.344,5746408.152,2,144
1874470.027,5746318.33,2,145
1874403.302,5746218.181,2,146
1874403.376,5746151.634,2,147
1874503.53,5746084.708,2,148
1874687.074,5746151.974,2,149
1874770.596,5746018.471,2,150
1874987.685,5746068.771,2,151
1874987.767,5746001.725,2,152
1874954.322,5745935.128,2,153
1874754.22,5745901.375,2,154
1874754.278,5745851.335,2,155
1874670.698,5745868.252,2,156
1874537.008,5745951.155,2,157
1874386.859,5745984.498,2,158
1874203.29,5745934.248,2,159
1873969.784,5745800.376,2,160
1873969.826,5745767.352,2,161
1874136.639,5745767.552,2,162
1874186.642,5745800.636,2,163
1874470.629,5745550.787,2,164
1874303.989,5745400.487,2,165
1874287.258,5745333.921,2,166
1874237.049,5745483.97,2,167
1874186.956,5745533.94,2,168
1873903.331,5745466.564,2,169
1873836.68,5745383.421,2,170
1873636.149,5745466.244,2,171
1873536.111,5745433.11,2,172
1873436.163,5745332.421,2,173
1873436.262,5745249.358,2,174
1873503.169,5745199.408,2,175
1873770.054,5745199.718,2,176
1873753.422,5745132.652,2,177
1873619.946,5745032.422,2,178
1873620.045,5744949.369,2,179
1873686.903,5744848.87,2,180
1873670.271,5744782.303,2,181
1873453.397,5744715.507,2,182
1873236.506,5744748.27,2,183
1873086.127,5744731.583,2,184
1872836.088,5744614.717,2,185
1872802.701,5744497.591,2,186
1872802.899,5744330.975,2,187
1872936.465,5744347.641,2,188
1873069.742,5744447.871,2,189
1873186.545,5744431.495,2,190
1873253.468,5744364.528,2,191
1873170.193,5744297.882,2,192
1873170.268,5744231.335,2,193
1873370.411,5744231.565,2,194
1873454.04,5744164.619,2,195
1873387.43,5744047.963,2,196
1873404.078,5743930.896,2,197
1873437.647,5743897.913,2,198
1873420.933,5743814.34,2,199
1873204.034,5743596.934,2,200
1873204.224,5743430.318,2,201
1873104.235,5743363.652,2,202
1873037.641,5743229.979,2,203
1872954.185,5743146.326,2,204
1872954.457,5742912.664,2,205
1873171.694,5742579.182,2,206
1873288.686,5742479.242,2,207
1873505.634,5742396.439,2,208
1873622.676,5742262.986,2,209
1873622.791,5742162.906,2,210
1873472.626,5742212.776,2,211
1873389.088,5742195.659,2,212
1873389.162,5742129.113,2,213
1873489.39,5741995.64,2,214
1873523.066,5741862.587,2,215
1873489.662,5741762.478,2,216
1873556.519,5741661.978,2,217
1873673.38,5741679.125,2,218
1873806.896,5741745.831,2,219
1873890.27,5741645.852,2,220
1873890.583,5741379.166,2,221
1873974.171,5741178.627,2,222
1873991.191,5740911.951,2,223
1874074.795,5740694.895,2,224
1874125.079,5740478.299,2,225
1874175.197,5740411.813,2,226
1874258.81,5740361.873,2,227
1874259.115,5740094.687,2,228
1874342.678,5739827.591,2,229
1874293.137,5739393.73,2,230
1874426.86,5739110.677,2,231
1874493.676,5739043.711,2,232
1874543.695,5739060.778,2,233
1874593.616,5739160.907,2,234
1874760.586,5739294.19,2,235
1874943.94,5739361.446,2,236
1875060.627,5739445.139,2,237
1875177.529,5739428.263,2,238
1875144.314,5739328.153,2,239
1875194.433,5739261.657,2,240
1875244.485,5739244.7,2,241
1875211.378,5739144.601,2,242
1875191.151,5739154.679,2,243
1875144.487,5739178.044,2,244
1875110.911,5739228.044,2,245
1874994.125,5739227.904,2,246
1874794.08,5739144.121,2,247
1874693.819,5739043.931,2,248
1874660.696,5738960.838,2,249
1874560.698,5738893.682,2,250
1874193.593,5738759.669,2,251
1874160.123,5738709.589,2,252
1874160.486,5738392.864,2,253
1874193.799,5738309.351,2,254
1874294.283,5738209.391,2,255
1874644.806,5738143.244,2,256
1874561.457,5737959.512,2,257
1874561.605,5737825.919,2,258
1874661.833,5737692.436,2,259
1874569.44,5737611.632,2,260
1874528.366,5737575.71,2,261
1874445.207,5737225.361,2,262
1874412.034,5737175.292,2,263
1874429.391,5736424.274,2,264
1874479.633,5736240.702,2,265
1874513.383,5735773.407,2,266
1874597.071,5735656.92,2,267
1874610.297,5735547.613,2,268
1874446.881,5735556.681,2,269
1874446.724,5735690.274,2,270
1874396.598,5735773.277,2,271
1874379.809,5736023.936,2,272
1874212.402,5736457.557,2,273
1874195.127,5736957.896,2,274
1874164.354,5737095.758,2,275
1874161.632,5737107.965,2,276
1874201.023,5737234.499,2,277
1874244.89,5737375.241,2,278
1874261.365,5737675.48,2,279
1874327.883,5737875.689,2,280
1874294.496,5738025.758,2,281
1874077.258,5738275.687,2,282
1873990.572,5738541.47,2,283
1873859.641,5738942.911,2,284
1873841.9,5739026.635,2,285
1873792.441,5739260.067,2,286
1873775.208,5739893.988,2,287
1873708.3,5740027.511,2,288
1873624.828,5740127.481,2,289
1873574.545,5740344.076,2,290
1873573.893,5740911.471,2,291
1873440.319,5741161.5,2,292
1873156.274,5741461.379,2,293
1873106.123,5741561.388,2,294
1873039.233,5741594.842,2,295
1872872.403,5741611.159,2,296
1872872.114,5741861.838,2,297
1872795.873,5741988.452,2,298
1872771.856,5742028.335,2,299
1872621.411,5742061.688,2,300
1872587.956,5742261.787,2,301
1872404.098,5742628.322,2,302
1872270.392,5742728.241,2,303
1871752.767,5742961.302,2,304
1871518.873,5743161.161,2,305
1871502.376,5743196.167,2,306
1871385.248,5743444.703,2,307
1871284.765,5743544.662,2,308
1870858.71,5743502.953,2,309
1870767.47,5743494.025,2,310
1873336.166,5745099.138,2,311
1873186.025,5745131.982,2,312
1873119.218,5745098.878,2,313
1873102.718,5744915.236,2,314
1873202.847,5744865.316,2,315
1873369.883,5744932.063,2,316
1873469.88,5744999.229,2,317
1873469.839,5745032.252,2,318
1873336.166,5745099.138,2,319
1873689.772,5745644.938,2,320
1873695.759,5745743.318,2,321
1873615.576,5745853.895,2,322
1873566.315,5745872.251,2,323
1873535.633,5745841.497,2,324
1873560.387,5745724.741,2,325
1873689.772,5745644.938,2,326
1900434.785,5786777.815,3,0
1900419.995,5786506.631,3,1
1900537.037,5786406.711,3,2
1900537.26,5786256.592,3,3
1900670.867,5786256.782,3,4
1901439.388,5785657.374,3,5
1901573.317,5785440.878,3,6
1901609.492,5785415.073,3,7
1901690.235,5785357.475,3,8
1901890.633,5785407.805,3,9
1901940.727,5785374.341,3,10
1901981.168,5785537.537,3,11
1901990.474,5785575.091,3,12
1902140.532,5785625.35,3,13
1902200.906,5785590.807,3,14
1902257.433,5785558.464,3,15
1902391.041,5785559.154,3,16
1902691.083,5785709.713,3,17
1903008.036,5785793.746,3,18
1903108.174,5785893.975,3,19
1903625.345,5785944.765,3,20
1903658.947,5785894.765,3,21
1903759.109,5785844.865,3,22
1903909.241,5785845.085,3,23
1903959.351,5785795.105,3,24
1904126.272,5785745.305,3,25
1904277.014,5785528.829,3,26
1904293.926,5785395.237,3,27
1904260.514,5785312.114,3,28
1904260.638,5785228.541,3,29
1904394.278,5785212.224,3,30
1904461.061,5785262.364,3,31
1904510.982,5785345.507,3,32
1904661.04,5785396.266,3,33
1904744.521,5785462.943,3,34
1904784.134,5785474.41,3,35
1904977.82,5785530.339,3,36
1905111.535,5785463.472,3,37
1905345.552,5785247.117,3,38
1905429.396,5785063.574,3,39
1905446.193,5784863.425,3,40
1905496.616,5784813.445,3,41
1905596.704,5784813.595,3,42
1905713.308,5784947.378,3,43
1905863.366,5784997.637,3,44
1905924.022,5784907.123,3,45
1905930.372,5784897.648,3,46
1906014.01,5784647.539,3,47
1906015.337,5783929.905,3,48
1905932.59,5783495.903,3,49
1905832.494,5783362.14,3,50
1905599.178,5783228.188,3,51
1905482.524,5783127.938,3,52
1905449.161,5783011.282,3,53
1905442.861,5783008.372,3,54
1905232.312,5782910.382,3,55
1905199.155,5782860.292,3,56
1905065.655,5782777.029,3,57
1904915.531,5782776.32,3,58
1904715.471,5782692.956,3,59
1904564.992,5782725.77,3,60
1904348.316,5782575.331,3,61
1904164.887,5782558.064,3,62
1903881.304,5782441.058,3,63
1903447.433,5782440.438,3,64
1903263.699,5782489.728,3,65
1903063.02,5782706.624,3,66
1902812.635,5782822.88,3,67
1902695.709,5782839.227,3,68
1902578.981,5782789.017,3,69
1902529.06,5782705.874,3,70
1902345.59,5782571.991,3,71
1902111.919,5782554.644,3,72
1902042.086,5782593.938,3,73
1901727.779,5782770.791,3,74
1901586.404,5782668.502,3,75
1901525.467,5782587.348,3,76
1901427.836,5782553.685,3,77
1901377.957,5782436.509,3,78
1901244.391,5782402.795,3,79
1900977.365,5782402.416,3,80
1900760.244,5782569.252,3,81
1900559.705,5782618.512,3,82
1900492.831,5782701.985,3,83
1900141.995,5782868.131,3,84
1899857.382,5783131.957,3,85
1899782.773,5783161.371,3,86
1899724.038,5783219.939,3,87
1899598.858,5783344.764,3,88
1899565.537,5783411.78,3,89
1899567.639,5783463.946,3,90
1899581.674,5783812.139,3,91
1899531.514,5783895.642,3,92
1899513.079,5783906.644,3,93
1899447.869,5783945.562,3,94
1899285.664,5783993.972,3,95
1899280.964,5783995.371,3,96
1899230.821,5784061.848,3,97
1899213.719,5784261.997,3,98
1898729.268,5784645.129,3,99
1898428.987,5784528.103,3,100
1898295.347,5784544.43,3,101
1898178.355,5784610.816,3,102
1898195.028,5784710.926,3,103
1898207.685,5784723.634,3,104
1898344.864,5784861.374,3,105
1898349.848,5784866.378,3,106
1898445.075,5784961.995,3,107
1898611.517,5785446.136,3,108
1898828.16,5785680.148,3,109
1898811.273,5785730.158,3,110
1898784.086,5785746.414,3,111
1898699.212,5785797.165,3,112
1898644.286,5785830.008,3,113
1898527.492,5785762.782,3,114
1898410.863,5785646.016,3,115
1898368.298,5785623.01,3,116
1898168.045,5785514.777,3,117
1898014.245,5785431.651,3,118
1897977.338,5785411.703,3,119
1897777.112,5785244.277,3,120
1897577.323,5784843.649,3,121
1897527.527,5784676.943,3,122
1897444.054,5784609.766,3,123
1897277.183,5784559.487,3,124
1897177.202,5784492.79,3,125
1896976.836,5784492.5,3,126
1896809.825,5784542.31,3,127
1896476.075,5784524.813,3,128
1896259.159,5784341.361,3,129
1896226.036,5784274.255,3,130
1896292.943,5784024.146,3,131
1896226.514,5783940.482,3,132
1896092.873,5783957.299,3,133
1895925.771,5784073.666,3,134
1895892.128,5784157.179,3,135
1895758.719,5784223.545,3,136
1895541.482,5784406.888,3,137
1895391.301,5784306.598,3,138
1895307.935,5784306.478,3,139
1895157.498,5784389.831,3,140
1894840.437,5784389.381,3,141
1894790.377,5784405.818,3,142
1894689.95,5784505.758,3,143
1894656.67,5784472.184,3,144
1894673.607,5784389.141,3,145
1894874.105,5784155.739,3,146
1894843.546,5783986.953,3,147
1894840.841,5783972.036,3,148
1894813.638,5783944.672,3,149
1894803.204,5783934.177,3,150
1894774.084,5783904.888,3,151
1894707.523,5783904.789,3,152
1894607.147,5783971.706,3,153
1894490.303,5783938.014,3,154
1894457.121,5783904.441,3,155
1894440.431,5783821.348,3,156
1894315.102,5783758.35,3,157
1894273.717,5783737.544,3,158
1894131.328,5783737.334,3,159
1893956.623,5783620.497,3,160
1893940.304,5783486.864,3,161
1893723.487,5783236.355,3,162
1893639.99,5783185.695,3,163
1893489.85,5783202.492,3,164
1893372.883,5783252.372,3,165
1893272.613,5783385.835,3,166
1893088.443,5783752.37,3,167
1893055.022,5783885.933,3,168
1892954.827,5783969.356,3,169
1892787.964,5783919.076,3,170
1892788.038,5783869.037,3,171
1892888.258,5783769.097,3,172
1892888.448,5783635.494,3,173
1893038.737,5783518.608,3,174
1893022.121,5783452.031,3,175
1892922.231,5783318.289,3,176
1892888.868,5783201.643,3,177
1892838.832,5783201.573,3,178
1892721.815,5783284.476,3,179
1892371.532,5783150.873,3,180
1892288.142,5783167.27,3,181
1892187.922,5783267.21,3,182
1892204.158,5783467.389,3,183
1892283.021,5783600.512,3,184
1892514.144,5783990.852,3,185
1892520.617,5784001.78,3,186
1892687.587,5784119.106,3,187
1892737.062,5784519.495,3,188
1892736.898,5784636.081,3,189
1892694.423,5784664.445,3,190
1892686.812,5784669.544,3,191
1892720.092,5784836.72,3,192
1892786.48,5784953.417,3,193
1892953.466,5785053.726,3,194
1893553.558,5785672.09,3,195
1893620.217,5785805.793,3,196
1893586.623,5785855.783,3,197
1893586.244,5786256.101,3,198
1893519.271,5786406.131,3,199
1893535.31,5786873.536,3,200
1893652.392,5786740.093,3,201
1893652.541,5786640.013,3,202
1893802.879,5786490.103,3,203
1893919.747,5786440.234,3,204
1893969.932,5786340.224,3,205
1894086.874,5786306.861,3,206
1894120.294,5786173.308,3,207
1894187.243,5786106.841,3,208
1894120.583,5785973.138,3,209
1894087.641,5785772.929,3,210
1894004.341,5785589.167,3,211
1893954.586,5785388.927,3,212
1893922.681,5785346.366,3,213
1893904.641,5785322.301,3,214
1893821.053,5785338.697,3,215
1893748.144,5785411.396,3,216
1893687.256,5785472.11,3,217
1893603.964,5785421.951,3,218
1893587.489,5785254.794,3,219
1893504.066,5785154.595,3,220
1893518.823,5785052.685,3,221
1893520.945,5785038.029,3,222
1893688.047,5784921.172,3,223
1893804.841,5784921.332,3,224
1894105.213,5785038.858,3,225
1894054.979,5785172.401,3,226
1894154.919,5785272.621,3,227
1894121.474,5785355.644,3,228
1894138.023,5785539.317,3,229
1894215.438,5785642.984,3,230
1894237.905,5785673.069,3,231
1894371.422,5785739.806,3,232
1894404.719,5785689.816,3,233
1894404.908,5785556.713,3,234
1894288.328,5785406.424,3,235
1894321.633,5785356.424,3,236
1894455.092,5785456.703,3,237
1894505.161,5785439.757,3,238
1894488.587,5785339.647,3,239
1894238.705,5785122.621,3,240
1894238.771,5785072.581,3,241
1894488.999,5785055.925,3,242
1894639.412,5784989.578,3,243
1894739.615,5784906.155,3,244
1894789.635,5784923.242,3,245
1894806.324,5785006.335,3,246
1894912.333,5785036.93,3,247
1894923.069,5785040.029,3,248
1895039.846,5785123.762,3,249
1895358.581,5785096.386,3,250
1895423.707,5785090.793,3,251
1895457.161,5785140.872,3,252
1895473.586,5785341.062,3,253
1895733.858,5785573.15,3,254
1895773.743,5785608.717,3,255
1895840.246,5785642.34,3,256
1895990.551,5785659.067,3,257
1896073.843,5785709.226,3,258
1896207.401,5785742.949,3,259
1896307.373,5785959.765,3,260
1896190.48,5786026.651,3,261
1896140.321,5786109.654,3,262
1896073.414,5786143.088,3,263
1896089.939,5786343.277,3,264
1896129.231,5786382.82,3,265
1896173.09,5786426.96,3,266
1896289.909,5786477.169,3,267
1896289.904,5786483.339,3,268
1896289.727,5786743.885,3,269
1896313.164,5786802.906,3,270
1896318.13,5786815.412,3,271
1896322.933,5786827.508,3,272
1896155.799,5786960.881,3,273
1896076.177,5786973.072,3,274
1895938.875,5786994.094,3,275
1895838.598,5787127.057,3,276
1895821.446,5787360.719,3,277
1895788.125,5787427.726,3,278
1895804.666,5787544.352,3,279
1895871.169,5787577.975,3,280
1895921.362,5787477.965,3,281
1895988.26,5787444.532,3,282
1896005.098,5787360.989,3,283
1896288.73,5787428.455,3,284
1896322.159,5787361.449,3,285
1896322.274,5787277.876,3,286
1896456.005,5787195.003,3,287
1896906.5,5787245.692,3,288
1897173.913,5787112.469,3,289
1897407.608,5787112.809,3,290
1897323.913,5787196.252,3,291
1897156.959,5787279.585,3,292
1897106.816,5787346.062,3,293
1897123.44,5787412.648,3,294
1897240.358,5787396.301,3,295
1897340.536,5787329.885,3,296
1897474.119,5787346.591,3,297
1897540.803,5787396.731,3,298
1897590.847,5787396.801,3,299
1897691.075,5787296.871,3,300
1897691.438,5787046.662,3,301
1897758.089,5786979.696,3,302
1897841.636,5786996.833,3,303
1897874.883,5787046.922,3,304
1898175.362,5787030.845,3,305
1898342.373,5787114.158,3,306
1898425.771,5787097.761,3,307
1898726.489,5786914.539,3,308
1898750.616,5786917.646,3,309
1898860.072,5786931.744,3,310
1898994.149,5786985.423,3,311
1899026.917,5786998.542,3,312
1899444.034,5786949.102,3,313
1899661.097,5787032.984,3,314
1899778.089,5786966.098,3,315
1899851.865,5786955.5,3,316
1899901.835,5787006.31,3,317
1900018.827,5786939.923,3,318
1900119.154,5786772.927,3,319
1900211.138,5786801.838,3,320
1900386.262,5786856.88,3,321
1900436.372,5786806.91,3,322
1900434.785,5786777.815,3,323
1941290.548,5796892.936,4,0
1941353.744,5796965.381,4,1
1941430.562,5796997.155,4,2
1941566.206,5797006.403,4,3
1941851.216,5796920.93,4,4
1942077.572,5796749.455,4,5
1942710.721,5796691.657,4,6
1942932.576,5796511.124,4,7
1942905.505,5796474.911,4,8
1942290.365,5796577.96,4,9
1941905.861,5796672.321,4,10
1941584.578,5796825.56,4,11
1941290.548,5796892.936,4,12
1895172.06,5782552.665,5,0
1895136.455,5782496.526,5,1
1895034.478,5782496.377,5,2
1894973.203,5782562.573,5,3
1895039.318,5782679.939,5,4
1895136.199,5782674.98,5,5
1895172.06,5782552.665,5,6
1850927.63,5757116.203,6,0
1851044.458,5757149.366,6,1
1851056.488,5757125.471,6,2
1850944.468,5756849.077,6,3
1850927.927,5756715.474,6,4
1850994.768,5756632.511,6,5
1851011.845,5756415.405,6,6
1850945.029,5756398.818,6,7
1850794.757,5756548.718,6,8
1850760.825,5756882.36,6,9
1850927.754,5757016.143,6,10
1850927.63,5757116.203,6,11
1925912.353,5783347.873,7,0
1925940.826,5783342.194,7,1
1926079.372,5783314.577,7,2
1926079.709,5783080.846,7,3
1926180.027,5782930.827,7,4
1926180.093,5782880.777,7,5
1926146.813,5782847.194,7,6
1926063.25,5782830.558,7,7
1925979.968,5782830.438,7,8
1925796.21,5782880.228,7,9
1925646.103,5782846.485,7,10
1925545.859,5782946.445,7,11
1925512.133,5783080.028,7,12
1925578.826,5783130.178,7,13
1925561.938,5783246.774,7,14
1925611.966,5783263.86,7,15
1925712.169,5783196.934,7,16
1925812.513,5783164.041,7,17
1925812.356,5783275.098,7,18
1925812.355,5783275.534,7,19
1925812.348,5783280.667,7,20
1925912.353,5783347.873,7,21
1938263.779,5784354.248,8,0
1938213.924,5784220.526,8,1
1938130.402,5784170.346,8,2
1938113.68,5784103.749,8,3
1938180.652,5784037.273,8,4
1938113.853,5783986.623,8,5
1937946.99,5783969.857,8,6
1938046.616,5784303.878,8,7
1938146.927,5784304.019,8,8
1938263.779,5784354.248,8,9
1894263.31,5748445.497,9,0
1894313.412,5748395.518,9,1
1894246.901,5748195.268,9,2
1894280.305,5748044.679,9,3
1894163.527,5748028.032,9,4
1894130.165,5748061.516,9,5
1894163.272,5748411.844,9,6
1894263.31,5748445.497,9,7
1852297.183,5758169.652,10,0
1852294.898,5758168.998,10,1
1852244.813,5758218.958,10,2
1852252.152,5758233.705,10,3
1852277.945,5758285.534,10,4
1852378.281,5758302.171,10,5
1852528.454,5758235.825,10,6
1852301.784,5758170.968,10,7
1852297.183,5758169.652,10,8
1928270.574,5790845.547,11,0
1928337.44,5790779.081,11,1
1928328.27,5790570.533,11,2
1928241.235,5790297.789,11,3
1928151.273,5790264.215,11,4
1928012.562,5790150.849,11,5
1927987.725,5790210.966,11,6
1927970.788,5790494.739,11,7
1928020.791,5790528.352,11,8
1928053.75,5790711.584,11,9
1928120.492,5790795.267,11,10
1928270.574,5790845.547,11,11
1850816.608,5743442.376,12,0
1850908.022,5743469.909,12,1
1851258.693,5743320.229,12,2
1851492.504,5743170.42,12,3
1851809.557,5743020.701,12,4
1852009.996,5743003.925,12,5
1852339.937,5742877.631,12,6
1852443.942,5742837.829,12,7
1852560.687,5742854.476,12,8
1852644.143,5742938.119,12,9
1852727.319,5743088.298,12,10
1852856.597,5743167.992,12,11
1852944.283,5743222.131,12,12
1853044.404,5743172.221,12,13
1853077.718,5743088.708,12,14
1853328.144,5743106.004,12,15
1853544.919,5743156.284,12,16
1853828.692,5743323.21,12,17
1853970.108,5743465.161,12,18
1853995.291,5743490.506,12,19
1854478.984,5743824.768,12,20
1854645.789,5743824.958,12,21
1854712.704,5743757.992,12,22
1854712.778,5743691.455,12,23
1854479.181,5743657.662,12,24
1854328.893,5743573.939,12,25
1854345.755,5743523.929,12,26
1854529.365,5743524.149,12,27
1854729.443,5743557.902,12,28
1854862.951,5743624.589,12,29
1855114.746,5743666.01,12,30
1855580.438,5743742.495,12,31
1855730.546,5743726.158,12,32
1855930.928,5743759.411,12,33
1856348.052,5743609.812,12,34
1856398.443,5743559.842,12,35
1856798.977,5743477.258,12,36
1857115.947,5743494.135,12,37
1857165.982,5743494.195,12,38
1857299.64,5743427.809,12,39
1857499.758,5743428.039,12,40
1857616.568,5743394.656,12,41
1857640.688,5743293.556,12,42
1857479.671,5743160.853,12,43
1857349.98,5743160.703,12,44
1856748.957,5743293.586,12,45
1856264.959,5743476.629,12,46
1856114.563,5743476.459,12,47
1855897.681,5743526.239,12,48
1855547.208,5743492.305,12,49
1855274.705,5743441.959,12,50
1854761.787,5743347.195,12,51
1854729.698,5743341.266,12,52
1853979.104,5743039.718,12,53
1853361.812,5742722.322,12,54
1853294.08,5742715.344,12,55
1853195.031,5742705.116,12,56
1853061.614,5742571.883,12,57
1852811.245,5742504.557,12,58
1852594.412,5742504.307,12,59
1851659.663,5742686.839,12,60
1851425.993,5742886.679,12,61
1851225.602,5742952.985,12,62
1850407.911,5742885.509,12,63
1850224.367,5742835.259,12,64
1850090.768,5742851.616,12,65
1849990.655,5742901.536,12,66
1849957.342,5742985.039,12,67
1849857.039,5742934.899,12,68
1849690.572,5742651.047,12,69
1849507.185,5742467.234,12,70
1849357.448,5742166.885,12,71
1849290.682,5742099.779,12,72
1849140.377,5742116.615,12,73
1849090.316,5742149.569,12,74
1849023.516,5742116.476,12,75
1849009.781,5742067.854,12,76
1848990.434,5741999.37,12,77
1848890.148,5741932.723,12,78
1848722.635,5741862.553,12,79
1848690.137,5741848.94,12,80
1848434.673,5741788.713,12,81
1848406.554,5741782.084,12,82
1848366.151,5741731.403,12,83
1848350.146,5741711.327,12,84
1848279.766,5741623.046,12,85
1848273.169,5741614.838,12,86
1847522.5,5741397.352,12,87
1847272.206,5741363.549,12,88
1847205.555,5741196.883,12,89
1847155.511,5741213.33,12,90
1847101.402,5741285.415,12,91
1847055.299,5741346.792,12,92
1846821.579,5741429.565,12,93
1846771.42,5741546.572,12,94
1846587.661,5741679.435,12,95
1846320.422,5741762.678,12,96
1846228.021,5741828.688,12,97
1846086.899,5741929.504,12,98
1846003.105,5742146.019,12,99
1846002.874,5742346.129,12,100
1845952.69,5742479.642,12,101
1845819.354,5742445.969,12,102
1845568.714,5742712.824,12,103
1845585.329,5742796.387,12,104
1845668.678,5742963.073,12,105
1845768.692,5742996.706,12,106
1845735.338,5743113.233,12,107
1845518.051,5743263.062,12,108
1845417.665,5743315.179,12,109
1845100.77,5743479.698,12,110
1845033.864,5743629.698,12,111
1845048.772,5743810.771,12,112
1845119.769,5743842.384,12,113
1845186.453,5743872.088,12,114
1845417.625,5743580.118,12,115
1845851.835,5743346.995,12,116
1846018.937,5743163.593,12,117
1846134.441,5742910.432,12,118
1846186.154,5742797.087,12,119
1846202.893,5742596.498,12,120
1846319.968,5742413.525,12,121
1846620.446,5742313.826,12,122
1846787.532,5742146.919,12,123
1846870.815,5742113.496,12,124
1847091.177,5742146.529,12,125
1847321.492,5742181.054,12,126
1848205.8,5742165.566,12,127
1848540.279,5742294.951,12,128
1848735.823,5742370.592,12,129
1849156.604,5742533.361,12,130
1849306.819,5742684.12,12,131
1849556.792,5743001.086,12,132
1849606.662,5743134.719,12,133
1849673.388,5743234.848,12,134
1849790.091,5743285.018,12,135
1850240.784,5743168.971,12,136
1850391.049,5743185.658,12,137
1850607.881,5743269.451,12,138
1850741.282,5743419.69,12,139
1850816.608,5743442.376,12,140
1852994.509,5743055.594,12,141
1852844.121,5743055.414,12,142
1852727.525,5742904.695,12,143
1852760.863,5742804.675,12,144
1852794.399,5742788.209,12,145
1852894.404,5742838.349,12,146
1853027.83,5742972.081,12,147
1852994.509,5743055.594,12,148
1902386.019,5763181.065,13,0
1902437.433,5763104.224,13,1
1902475.297,5763047.635,13,2
1902475.578,5762830.939,13,3
1902392.393,5762680.71,13,4
1902380.214,5762582.1,13,5
1902375.852,5762547.067,13,6
1902409.174,5762480.051,13,7
1902426.201,5762313.425,13,8
1902376.438,5762096.169,13,9
1902209.88,5761795.7,13,10
1902260.353,5761695.67,13,11
1902176.938,5761578.964,13,12
1902160.702,5761361.748,13,13
1902043.883,5761295.042,13,14
1901927.064,5761311.409,13,15
1901793.25,5761465.315,13,16
1901709.753,5761561.348,13,17
1900841.919,5761476.675,13,18
1900691.746,5761509.508,13,19
1900474.591,5761642.841,13,20
1900424.11,5761826.444,13,21
1900173.767,5761926.203,13,22
1900056.527,5762192.789,13,23
1899740.736,5762052.258,13,24
1899540.049,5762219.144,13,25
1899423.37,5762285.55,13,26
1899423.32,5762319.083,13,27
1899473.323,5762352.177,13,28
1899773.728,5762469.663,13,29
1899885.426,5762544.168,13,30
1900222.607,5762626.871,13,31
1900606.756,5762610.854,13,32
1900890.405,5762678.27,13,33
1901106.809,5762895.236,13,34
1901106.594,5763062.382,13,35
1901239.864,5763329.288,13,36
1901172.899,5763412.771,13,37
1901172.726,5763546.394,13,38
1901272.674,5763646.603,13,39
1901339.317,5763813.339,13,40
1901272.072,5764114.008,13,41
1901188.212,5764330.594,13,42
1901187.89,5764580.813,13,43
1901154.593,5764630.813,13,44
1901004.23,5764580.573,13,45
1900954.252,5764530.463,13,46
1900837.78,5764280.094,13,47
1900304.323,5763895.073,13,48
1900170.955,5763861.87,13,49
1899903.946,5763694.383,13,50
1899355.358,5763403.423,13,51
1899138.245,5763353.103,13,52
1898792.604,5763467.66,13,53
1898637.401,5763519.099,13,54
1898503.596,5763669.559,13,55
1898403.557,5763635.896,13,56
1898169.705,5763752.192,13,57
1898002.594,5763885.595,13,58
1897927.318,5763975.776,13,59
1897919.196,5763985.574,13,60
1897868.781,5764269.247,13,61
1897601.409,5764535.622,13,62
1897450.799,5764752.618,13,63
1897333.659,5765169.813,13,64
1897250.021,5765219.743,13,65
1896649.072,5765185.44,13,66
1896366.777,5765401.242,13,67
1896147.849,5765568.602,13,68
1896047.727,5765601.505,13,69
1896047.637,5765668.562,13,70
1895947.45,5765751.495,13,71
1895830.714,5765701.305,13,72
1895730.766,5765601.086,13,73
1895530.342,5765567.802,13,74
1895550.198,5765690.927,13,75
1895596.804,5765868.141,13,76
1895880.139,5766168.76,13,77
1895980.425,5766168.89,13,78
1896314.357,5766052.724,13,79
1896548.044,5766053.034,13,80
1896664.88,5766103.223,13,81
1896731.481,5766219.909,13,82
1896881.383,5766387.245,13,83
1896914.622,5766603.971,13,84
1897031.325,5766754.251,13,85
1897148.078,5766787.934,13,86
1897181.449,5766754.451,13,87
1897198.336,5766621.358,13,88
1897298.556,5766521.408,13,89
1897348.51,5766588.024,13,90
1897381.905,5766688.154,13,91
1897365.01,5766821.747,13,92
1897247.786,5767071.806,13,93
1897264.443,5767188.422,13,94
1897364.391,5767439.261,13,95
1897113.321,5767939.359,13,96
1896979.78,5768039.259,13,97
1896929.489,5768222.852,13,98
1896962.439,5768656.753,13,99
1896811.87,5768840.216,13,100
1896828.452,5768940.316,13,101
1896995.233,5769057.132,13,102
1896995.101,5769157.222,13,103
1896911.554,5769290.724,13,104
1896928.169,5769440.874,13,105
1897028.068,5769574.617,13,106
1897178.258,5769674.896,13,107
1897461.84,5769791.872,13,108
1897511.744,5769892.022,13,109
1897294.796,5769941.772,13,110
1897277.81,5770075.365,13,111
1897144.293,5770225.314,13,112
1897144.206,5770289.961,13,113
1897144.204,5770291.295,13,114
1897144.202,5770292.37,13,115
1897151.18,5770294.125,13,116
1897344.304,5770342.68,13,117
1897744.929,5770276.154,13,118
1897761.874,5770176.094,13,119
1897795.146,5770143.111,13,120
1897814.672,5770146.997,13,121
1897878.693,5770159.737,13,122
1897911.89,5770259.867,13,123
1897978.641,5770259.957,13,124
1898062.435,5770093.421,13,125
1898096.053,5769876.285,13,126
1898196.273,5769776.336,13,127
1898346.644,5769743.012,13,128
1898396.795,5769659.999,13,129
1898413.601,5769442.844,13,130
1898463.842,5769292.784,13,131
1898647.791,5769076.338,13,132
1898781.464,5769026.478,13,133
1899132.061,5769026.938,13,134
1899465.886,5768993.855,13,135
1899732.746,5769044.255,13,136
1899876.727,5769152.432,13,137
1899966.213,5769246.951,13,138
1899973.872,5769255.041,13,139
1900112.591,5769401.562,13,140
1900195.956,5769552.301,13,141
1900312.132,5769869.227,13,142
1900412.319,5770019.486,13,143
1900478.624,5770203.239,13,144
1900477.412,5770288.911,13,145
1900929.3,5770137.282,13,146
1901196.35,5770121.125,13,147
1901296.183,5770086.422,13,148
1901530.488,5770004.969,13,149
1901597.725,5769721.307,13,150
1901798.083,5769587.964,13,151
1901948.808,5769287.905,13,152
1902099.072,5769188.015,13,153
1902149.207,5769121.519,13,154
1902383.084,5768988.216,13,155
1902533.48,5768788.237,13,156
1902793.036,5768707.134,13,157
1903702.485,5768422.961,13,158
1903919.499,5768406.734,13,159
1904169.695,5768424.081,13,160
1904181.61,5768421.201,13,161
1904379.246,5768372.411,13,162
1904451.513,5768368.912,13,163
1904670.424,5768358.184,13,164
1905138.276,5768025.012,13,165
1905422.156,5767925.292,13,166
1905489.021,5767925.482,13,167
1906023.187,5767926.592,13,168
1906223.322,5767959.885,13,169
1906607.01,5768077.502,13,170
1906540.556,5767843.699,13,171
1906434.234,5767791.709,13,172
1906507.655,5767526.873,13,173
1906474.795,5767243.071,13,174
1906424.867,5767159.428,13,175
1906274.776,5767125.705,13,176
1905924.344,5766991.622,13,177
1905757.473,5767007.919,13,178
1905623.635,5767174.885,13,179
1905556.794,5767157.789,13,180
1905389.906,5767191.092,13,181
1905329.893,5767160.888,13,182
1905256.579,5767123.856,13,183
1904789.213,5767089.712,13,184
1904781.116,5767082.994,13,185
1904689.232,5767006.509,13,186
1904572.455,5766989.343,13,187
1904489.031,5767022.766,13,188
1904288.748,5766955.44,13,189
1904072.072,5766721.447,13,190
1903855.33,5766604.561,13,191
1903822.091,5766537.455,13,192
1903571.854,5766403.512,13,193
1903522.025,5766236.796,13,194
1903071.538,5766086.077,13,195
1903005.084,5766002.414,13,196
1902960.194,5765889.857,13,197
1902905.334,5765752.065,13,198
1902805.197,5765634.829,13,199
1902788.862,5765501.196,13,200
1902538.518,5765367.253,13,201
1902271.847,5765166.724,13,202
1901971.987,5764866.075,13,203
1901955.24,5764816.005,13,204
1902022.18,5764749.039,13,205
1901855.498,5764548.65,13,206
1901855.746,5764364.987,13,207
1901956.304,5764231.504,13,208
1901956.518,5764064.858,13,209
1901960.938,5764057.55,13,210
1902056.821,5763898.342,13,211
1902007.172,5763597.513,13,212
1902091.024,5763380.927,13,213
1902224.343,5763381.107,13,214
1902308.022,5763297.634,13,215
1902386.019,5763181.065,13,216
1897778.769,5770043.001,13,217
1897745.333,5769975.905,13,218
1897845.503,5769909.479,13,219
1897912.27,5769976.125,13,220
1897878.849,5770043.141,13,221
1897778.769,5770043.001,13,222
1886263.976,5773594.318,14,0
1886090.615,5773463.585,14,1
1885973.73,5773463.425,14,2
1885789.906,5773596.778,14,3
1885589.482,5773796.657,14,4
1885572.545,5773963.763,14,5
1885656.034,5774013.913,14,6
1885722.9,5773930.44,14,7
1885956.331,5774114.403,14,8
1885989.496,5774231.039,14,9
1886039.664,5774281.139,14,10
1886139.422,5774514.951,14,11
1886139.15,5774715.11,14,12
1886005.798,5774748.453,14,13
1885972.394,5774664.841,14,14
1885888.922,5774598.174,14,15
1885655.259,5774581.347,14,16
1885455.042,5774631.117,14,17
1885121.242,5774663.681,14,18
1885037.481,5774813.68,14,19
1884820.376,5774913.46,14,20
1884720.115,5775046.923,14,21
1884603.328,5775046.773,14,22
1884561.036,5775149.038,14,23
1884529.981,5775224.133,14,24
1884486.065,5775330.325,14,25
1884152.05,5775546.541,14,26
1884144.266,5775572.736,14,27
1884018.088,5775997.19,14,28
1883984.165,5776430.961,14,29
1883900.37,5776597.477,14,30
1883899.958,5776897.696,14,31
1884000.153,5777031.439,14,32
1884300.409,5777148.935,14,33
1884567.063,5777399.494,14,34
1884583.638,5777499.594,14,35
1884399.796,5777649.453,14,36
1884216.046,5777732.756,14,37
1884208.237,5777732.746,14,38
1883965.859,5777732.416,14,39
1883895.959,5777763.24,14,40
1883815.455,5777798.753,14,41
1883431.223,5778115.468,14,42
1883013.563,5778515.187,14,43
1882528.724,5779215.034,14,44
1882377.857,5779615.623,14,45
1882243.83,5780065.771,14,46
1882277.258,5780132.368,14,47
1882289.561,5780281.397,14,48
1882293.791,5780332.537,14,49
1882233.06,5780463.45,14,50
1882193.109,5780549.563,14,51
1882170.64,5780672.578,14,52
1882170.689,5780672.578,14,53
1882126.046,5780916.738,14,54
1882111.179,5781384.163,14,55
1882108.557,5781467.116,14,56
1882175.167,5781567.286,14,57
1882191.815,5781683.902,14,58
1882141.565,5781834.441,14,59
1882124.174,5782451.366,14,60
1882157.166,5782618.542,14,61
1882306.985,5783035.557,14,62
1882407.065,5783169.299,14,63
1882456.919,5783302.972,14,64
1882457.612,5783303.672,14,65
1882623.576,5783486.845,14,66
1882823.686,5783653.751,14,67
1882840.893,5783688.545,14,68
1882843.542,5783693.903,14,69
1882856.917,5783720.847,14,70
1882823.422,5783837.383,14,71
1882823.092,5784071.056,14,72
1882829.209,5784082.634,14,73
1882973.1,5784354.978,14,74
1883289.922,5784639.14,14,75
1883664.943,5784822.813,14,76
1884006.956,5784990.429,14,77
1884086.776,5785015.864,14,78
1884691.155,5785208.565,14,79
1885046.46,5785250.206,14,80
1885408.774,5785292.657,14,81
1885959.44,5785326.97,14,82
1886084.414,5785273.701,14,83
1886193.259,5785227.221,14,84
1886226.713,5785277.31,14,85
1886460.227,5785394.737,14,86
1886843.972,5785428.31,14,87
1887144.516,5785345.677,14,88
1887595.234,5785296.276,14,89
1888012.82,5785113.234,14,90
1888713.824,5784930.591,14,91
1888998.009,5784814.405,14,92
1889615.581,5784748.738,14,93
1889915.895,5784832.231,14,94
1890282.959,5784849.768,14,95
1890566.773,5784783.121,14,96
1890642.898,5784737.69,14,97
1890817.388,5784633.352,14,98
1891001.271,5784466.985,14,99
1891001.312,5784433.452,14,100
1891118.403,5784300.019,14,101
1891418.898,5784117.297,14,102
1891686.468,5783866.977,14,103
1891686.567,5783865.578,14,104
1891703.264,5783666.838,14,105
1891736.907,5783583.825,14,106
1891736.849,5783416.689,14,107
1891653.748,5783299.983,14,108
1891620.674,5782982.677,14,109
1891687.762,5782749.085,14,110
1891754.999,5782265.294,14,111
1891773.214,5781063.858,14,112
1891739.851,5780947.222,14,113
1891506.453,5780746.733,14,114
1891423.401,5780596.493,14,115
1891406.867,5780396.314,14,116
1891306.796,5780245.555,14,117
1891307.266,5779911.782,14,118
1891307.365,5779845.236,14,119
1891357.632,5779678.67,14,120
1891424.555,5779561.674,14,121
1891491.775,5779295.048,14,122
1891508.877,5778877.743,14,123
1891375.665,5778593.831,14,124
1891208.943,5778443.482,14,125
1891192.443,5778293.332,14,126
1891225.781,5778209.809,14,127
1891192.764,5778059.649,14,128
1891006.871,5777868.6,14,129
1890542.381,5777391.226,14,130
1890292.417,5777224.25,14,131
1890242.274,5777157.123,14,132
1890159.461,5776756.695,14,133
1889926.178,5776322.533,14,134
1889659.441,5776122.014,14,135
1889392.309,5776071.604,14,136
1889258.907,5775921.305,14,137
1889008.877,5775803.869,14,138
1888524.797,5775803.209,14,139
1888424.791,5775753.029,14,140
1888308.079,5775619.266,14,141
1888225.019,5775252.371,14,142
1888024.851,5775118.488,14,143
1887808.224,5774867.999,14,144
1887524.534,5774700.483,14,145
1887297.543,5774494.915,14,146
1887174.399,5774383.258,14,147
1886924.484,5774032.149,14,148
1886858.023,5773748.347,14,149
1886641.355,5773597.938,14,150
1886290.766,5773614.474,14,151
1886263.976,5773594.318,14,152
1887835.823,5779723.301,14,153
1888172.755,5779593.043,14,154
1888436.813,5779490.958,14,155
1888503.646,5779507.565,14,156
1888670.171,5779724.471,14,157
1889003.896,5779958.613,14,158
1889137.265,5780125.939,14,159
1889137.149,5780209.002,14,160
1888819.528,5780475.768,14,161
1888752.72,5780659.31,14,162
1888568.862,5780809.17,14,163
1888301.862,5780808.8,14,164
1888051.559,5780741.394,14,165
1887917.96,5780741.214,14,166
1887751.146,5780657.911,14,167
1887667.748,5780540.705,14,168
1887617.919,5780390.515,14,169
1887635.045,5779956.703,14,170
1887835.823,5779723.301,14,171
1842093.923,5746678.887,15,0
1842070.282,5746657.372,15,1
1842038.948,5746628.857,15,2
1841977.22,5746628.717,15,3
1841743.5,5746711.49,15,4
1841693.398,5746778.467,15,5
1841676.445,5746895.003,15,6
1841726.315,5747028.636,15,7
1841742.774,5747328.805,15,8
1841926.186,5747479.104,15,9
1842109.351,5747846.509,15,10
1842359.225,5748230.501,15,11
1842742.813,5748581.14,15,12
1842876.099,5748814.922,15,13
1842892.649,5748948.515,15,14
1842975.899,5749032.148,15,15
1842975.833,5749248.764,15,16
1843009.138,5749265.31,15,17
1843042.393,5749232.337,15,18
1843042.451,5749182.307,15,19
1843092.495,5749165.361,15,20
1843142.704,5749265.471,15,21
1843159.171,5749466.1,15,22
1843058.761,5749599.052,15,23
1842975.14,5749832.575,15,24
1842607.606,5750365.917,15,25
1842407.034,5750499.239,15,26
1842140.117,5750565.456,15,27
1842056.413,5750698.929,15,28
1841939.792,5750748.808,15,29
1841872.819,5750865.295,15,30
1841705.907,5750965.144,15,31
1841638.992,5751032.101,15,32
1841422.044,5751148.397,15,33
1841054.675,5751298.037,15,34
1840453.858,5751297.317,15,35
1840320.531,5751264.144,15,36
1839956.015,5751394.257,15,37
1839970.831,5751488.781,15,38
1839987.047,5751592.24,15,39
1840054.652,5751576.844,15,40
1840403.798,5751497.328,15,41
1840904.311,5751531.464,15,42
1841154.68,5751498.756,15,43
1841421.805,5751348.507,15,44
1841605.398,5751348.727,15,45
1841688.722,5751282.29,15,46
1841822.305,5751265.943,15,47
1842022.654,5751316.203,15,48
1842105.954,5751266.283,15,49
1842139.358,5751199.287,15,50
1842506.851,5750949.598,15,51
1842807.329,5750849.908,15,52
1843007.654,5750666.545,15,53
1843024.524,5750616.545,15,54
1843124.612,5750583.642,15,55
1843324.764,5750716.955,15,56
1843391.497,5750800.578,15,57
1843391.374,5750900.628,15,58
1843240.879,5751000.497,15,59
1843240.813,5751050.527,15,60
1843441.203,5751067.774,15,61
1843507.954,5751050.847,15,62
1843691.457,5751134.61,15,63
1843674.907,5751001.017,15,64
1843825.105,5750901.148,15,65
1844008.905,5750734.781,15,66
1844275.872,5750635.042,15,67
1844275.947,5750568.016,15,68
1843992.315,5750551.159,15,69
1843825.328,5750718.055,15,70
1843792.007,5750718.015,15,71
1843758.57,5750650.938,15,72
1843558.509,5750617.175,15,73
1843541.893,5750534.112,15,74
1843591.987,5750484.153,15,75
1843625.325,5750384.133,15,76
1843725.52,5750267.197,15,77
1843792.551,5750100.69,15,78
1843876.114,5750083.774,15,79
1843942.633,5750267.456,15,80
1844025.916,5750317.576,15,81
1844159.771,5750084.114,15,82
1844193.224,5749884.044,15,83
1844260.14,5749817.598,15,84
1844260.28,5749701.032,15,85
1844310.39,5749634.055,15,86
1844510.5,5749634.295,15,87
1844527.247,5749600.792,15,88
1844444.063,5749550.672,15,89
1844210.433,5749550.393,15,90
1844009.87,5749683.725,15,91
1843959.941,5749600.122,15,92
1843993.716,5749216.461,15,93
1844160.728,5749033.558,15,94
1844244.25,5748883.578,15,95
1844244.307,5748833.548,15,96
1844311.165,5748733.079,15,97
1844428.05,5748716.712,15,98
1844442.153,5748683.954,15,99
1844478.209,5748600.206,15,100
1844545.025,5748533.25,15,101
1844678.6,5748533.409,15,102
1844795.385,5748600.576,15,103
1844978.922,5748650.826,15,104
1844978.963,5748617.313,15,105
1844878.768,5748483.62,15,106
1844712.02,5748450.406,15,107
1844662.05,5748400.317,15,108
1844545.206,5748383.17,15,109
1844411.575,5748433.04,15,110
1844177.673,5748666.382,15,111
1844010.843,5748699.706,15,112
1844077.461,5748799.835,15,113
1844066.236,5748950.373,15,114
1843927.123,5749016.271,15,115
1843810.263,5749099.674,15,116
1843810.098,5749233.247,15,117
1843843.518,5749316.83,15,118
1843860.043,5749466.93,15,119
1843776.504,5749466.83,15,120
1843260.182,5748498.706,15,121
1842893.523,5748047.539,15,122
1842275.258,5747457.019,15,123
1842275.258,5747457.009,15,124
1842176.654,5747362.838,15,125
1842165.794,5747341.052,15,126
1842093.313,5747195.652,15,127
1842010.129,5747145.532,15,128
1841926.698,5747045.382,15,129
1841910.049,5746912.289,15,130
1842093.923,5746678.887,15,131
1864463.134,5749609.151,16,0
1864703.196,5749609.438,16,1
1864819.948,5749709.638,16,2
1865120.163,5749860.598,16,3
1865153.501,5750010.737,16,4
1865320.257,5750144.031,16,5
1865691.526,5750245.561,16,6
1865718.003,5750347.18,16,7
1865853.441,5750347.34,16,8
1865993.538,5750271.226,16,9
1865957.66,5750166.067,16,10
1865764.435,5750015.292,16,11
1865737.703,5749994.432,16,12
1865237.081,5749827.226,16,13
1865187.144,5749743.603,16,14
1864920.135,5749609.701,16,15
1864753.388,5749476.408,16,16
1864419.728,5749425.978,16,17
1864319.764,5749342.305,16,18
1864319.78,5749158.682,16,19
1864353.365,5749108.693,16,20
1864353.563,5748941.586,16,21
1864503.844,5748791.667,16,22
1864454.146,5748508.425,16,23
1864521.012,5748241.329,16,24
1864704.886,5748024.913,16,25
1864805.048,5747941.47,16,26
1864755.433,5747591.191,16,27
1864471.768,5747323.676,16,28
1864471.949,5747173.576,16,29
1864672.496,5747073.747,16,30
1864856.115,5747073.966,16,31
1865056.183,5747124.236,16,32
1865156.486,5747090.833,16,33
1865306.568,5747108.029,16,34
1865406.574,5747158.18,16,35
1865868.45,5747125.592,16,36
1865873.916,5747125.206,16,37
1866057.757,5746941.804,16,38
1866157.903,5746875.377,16,39
1866308.34,5746842.034,16,40
1866408.56,5746708.571,16,41
1866558.741,5746642.205,16,42
1866859.492,5746342.356,16,43
1866992.943,5746292.486,16,44
1867327.015,5745992.677,16,45
1867677.768,5745725.911,16,46
1867761.497,5745575.911,16,47
1867761.554,5745525.872,16,48
1867895.162,5745342.409,16,49
1867945.429,5745142.34,16,50
1867962.514,5744825.144,16,51
1868096.08,5744675.205,16,52
1868263.025,5744558.818,16,53
1868446.71,5744508.999,16,54
1868830.504,5744475.925,16,55
1869181.06,5744459.829,16,56
1869281.247,5744526.485,16,57
1869664.967,5744560.458,16,58
1869731.874,5744510.508,16,59
1869734.749,5744498.67,16,60
1869760.693,5744391.843,16,61
1869653.819,5744391.713,16,62
1869615.039,5744476.845,16,63
1869498.278,5744460.198,16,64
1869352.92,5744341.053,16,65
1869314.824,5744309.88,16,66
1869314.519,5744309.879,16,67
1869097.876,5744309.629,16,68
1868747.37,5744375.766,16,69
1868446.867,5744375.416,16,70
1868179.849,5744492.172,16,71
1867879.058,5744741.991,16,72
1867845.481,5745042.15,16,73
1867644.554,5745459.195,16,74
1867561.18,5745559.165,16,75
1867558.764,5745560.215,16,76
1867294.064,5745675.42,16,77
1867210.393,5745775.39,16,78
1867193.803,5745841.916,16,79
1866909.783,5746125.268,16,80
1866709.352,5746208.592,16,81
1866525.477,5746425.518,16,82
1866058.029,5746708.15,16,83
1865673.905,5746857.8,16,84
1865223.286,5746874.277,16,85
1864889.634,5746823.847,16,86
1864389.087,5746839.764,16,87
1864272.086,5746773.078,16,88
1864222.174,5746672.458,16,89
1864289.312,5746339.316,16,90
1864267.403,5746287.877,16,91
1864239.416,5746222.18,16,92
1864187.748,5746170.49,16,93
1864051.534,5746338.806,16,94
1863937.924,5746479.197,16,95
1863954.399,5746503.943,16,96
1863977.767,5746539.045,16,97
1864022.13,5746605.672,16,98
1864021.948,5746755.771,16,99
1863871.371,5746905.691,16,100
1863871.495,5747055.79,16,101
1864024.48,5747153.59,16,102
1864054.971,5747173.089,16,103
1864068.653,5747185.224,16,104
1864202.417,5747303.84,16,105
1864232.448,5747330.464,16,106
1864488.3,5747557.348,16,107
1864588.405,5747691.051,16,108
1864588.265,5747807.627,16,109
1864437.811,5748107.646,16,110
1864370.773,5748357.725,16,111
1864353.86,5748691.427,16,112
1864153.099,5748974.87,16,113
1864119.695,5749124.929,16,114
1864069.544,5749224.929,16,115
1864086.134,5749325.018,16,116
1864219.338,5749475.768,16,117
1864336.033,5749542.454,16,118
1864369.42,5749659.07,16,119
1864402.742,5749659.11,16,120
1864452.827,5749609.141,16,121
1864463.134,5749609.151,16,122
1908911.65,5785498.822,17,0
1908950.165,5785520.551,17,1
1908916.745,5785587.057,17,2
1908799.934,5785586.888,17,3
1908749.841,5785620.351,17,4
1908599.758,5785586.597,17,5
1908365.873,5785702.874,17,6
1908365.807,5785752.914,17,7
1908365.732,5785802.964,17,8
1908565.884,5785820.27,17,9
1908632.552,5785886.926,17,10
1908648.92,5785987.036,17,11
1908799.308,5786020.789,17,12
1909049.676,5785921.059,17,13
1909267.07,5785788.245,17,14
1909350.32,5785804.882,17,15
1909350.171,5785904.972,17,16
1909316.875,5785954.972,17,17
1909333.193,5786088.615,17,18
1909399.828,5786172.287,17,19
1909399.515,5786388.983,17,20
1909349.397,5786438.963,17,21
1909182.6,5786405.19,17,22
1909015.547,5786472.007,17,23
1908798.657,5786471.197,17,24
1908614.717,5786654.59,17,25
1908614.699,5786666.398,17,26
1908614.666,5786688.123,17,27
1908787.087,5786750.99,17,28
1908797.94,5786754.948,17,29
1908831.368,5786822.055,17,30
1908775.406,5786922.426,17,31
1908757.631,5786954.306,17,32
1908664.084,5787122.085,17,33
1908547.349,5787004.808,17,34
1908213.45,5787071.383,17,35
1907963.124,5787003.956,17,36
1907923.566,5786964.287,17,37
1907913.151,5786953.849,17,38
1907846.269,5786970.266,17,39
1907863.569,5786993.511,17,40
1907896.217,5787037.391,17,41
1907896.118,5787103.958,17,42
1907652.813,5787233.422,17,43
1907795.739,5787303.988,17,44
1907821.853,5787289.501,17,45
1907945.994,5787220.635,17,46
1908286.298,5787253.682,17,47
1908296.558,5787254.678,17,48
1908329.69,5787321.784,17,49
1908196.148,5787471.724,17,50
1908279.423,5787471.844,17,51
1908463.19,5787405.558,17,52
1908496.619,5787338.541,17,53
1908463.38,5787271.935,17,54
1908530.245,5787272.025,17,55
1908713.509,5787338.861,17,56
1908797.106,5787322.465,17,57
1908980.922,5787222.635,17,58
1909147.917,5787189.852,17,59
1909148.115,5787056.229,17,60
1909415.231,5786940.013,17,61
1909465.2,5786990.133,17,62
1909598.263,5787374.175,17,63
1909581.475,5787424.195,17,64
1909481.502,5787340.471,17,65
1909330.941,5787423.834,17,66
1909180.784,5787440.131,17,67
1909147.504,5787473.114,17,68
1909013.888,5787472.914,17,69
1908779.781,5787739.82,17,70
1908662.88,5787739.65,17,71
1908646.066,5787806.186,17,72
1908595.948,5787856.156,17,73
1908362.162,5787905.856,17,74
1908378.802,5787955.925,17,75
1908528.893,5787989.679,17,76
1908595.577,5788106.385,17,77
1908662.343,5788106.475,17,78
1908679.404,5787939.849,17,79
1908779.641,5787839.909,17,80
1908946.487,5787840.149,17,81
1909046.649,5787790.25,17,82
1909113.705,5787656.727,17,83
1909263.845,5787656.947,17,84
1909364.056,5787707.137,17,85
1909380.309,5787890.829,17,86
1909196.418,5788040.698,17,87
1908912.225,5788340.557,17,88
1908745.37,5788340.307,17,89
1908728.211,5788574,17,90
1908678.093,5788623.969,17,91
1908678.043,5788657.503,17,92
1908845.096,5788590.686,17,93
1908895.56,5788440.617,17,94
1909045.701,5788440.837,17,95
1909062.754,5788470.81,17,96
1909112.385,5788558.043,17,97
1909095.473,5788624.579,17,98
1909195.611,5788591.696,17,99
1909204.03,5788554.263,17,100
1909229.361,5788441.606,17,101
1909179.441,5788357.963,17,102
1909179.54,5788290.897,17,103
1909357.265,5788182.842,17,104
1909480.076,5788108.174,17,105
1909480.224,5788008.084,17,106
1909647.351,5787891.218,17,107
1909731.22,5787691.159,17,108
1909898.214,5787591.31,17,109
1910015.075,5787625.013,17,110
1910198.322,5787909.035,17,111
1910181.459,5787942.548,17,112
1910097.954,5787892.378,17,113
1909981.127,5787908.725,17,114
1909997.742,5787975.301,17,115
1910047.72,5788025.421,17,116
1909947.434,5788158.904,17,117
1909964.148,5788225.99,17,118
1910030.635,5788276.13,17,119
1910030.437,5788409.253,17,120
1909896.92,5788476.119,17,121
1909846.752,5788559.122,17,122
1909713.104,5788575.939,17,123
1909517.076,5788713.803,17,124
1909434.394,5788771.953,17,125
1909430.617,5788774.609,17,126
1909429.051,5788775.708,17,127
1909429.644,5788779.938,17,128
1909432.16,5788797.891,17,129
1909445.394,5788892.334,17,130
1909422,5788915.87,17,131
1909412.114,5788925.818,17,132
1909295.163,5788958.671,17,133
1909295.114,5788992.204,17,134
1909378.636,5789025.857,17,135
1909453.566,5789025.967,17,136
1909528.776,5789026.078,17,137
1909545.49,5789092.664,17,138
1909578.492,5789081.831,17,139
1909590.231,5789077.977,17,140
1909595.559,5789076.227,17,141
1909628.938,5788976.178,17,142
1909579.117,5788825.968,17,143
1909729.422,5788709.082,17,144
1909913.164,5788659.312,17,145
1910046.912,5788576.429,17,146
1910146.975,5788593.086,17,147
1910079.895,5788810.192,17,148
1909946.073,5788943.115,17,149
1909979.313,5789143.844,17,150
1910046.021,5789176.977,17,151
1910129.717,5788960.401,17,152
1910296.497,5789010.691,17,153
1910346.615,5788960.721,17,154
1910246.865,5788726.859,17,155
1910330.544,5788660.422,17,156
1910463.937,5788677.128,17,157
1910514.261,5788627.159,17,158
1910497.696,5788527.039,17,159
1910564.627,5788410.533,17,160
1910531.141,5788376.95,17,161
1910330.956,5788376.66,17,162
1910331.08,5788293.087,17,163
1910231.091,5788226.38,17,164
1910481.468,5788126.651,17,165
1910715.493,5787909.795,17,166
1910849.117,5787910.484,17,167
1910899.021,5788010.654,17,168
1910965.854,5788027.261,17,169
1910982.741,5787910.685,17,170
1911167.423,5787900.846,17,171
1911182.975,5787877.441,17,172
1911149.818,5787827.351,17,173
1911149.983,5787710.745,17,174
1910825.806,5787696.558,17,175
1910779.299,5787742.529,17,176
1910699.274,5787709.586,17,177
1910665.672,5787759.585,17,178
1910615.677,5787726.482,17,179
1910615.891,5787575.843,17,180
1910933.546,5787326.573,17,181
1911334.509,5787126.974,17,182
1911425.41,5787047.359,17,183
1911468.001,5787010.058,17,184
1911451.608,5786926.955,17,185
1911368.011,5786943.351,17,186
1910750.126,5787159.148,17,187
1910683.268,5787225.614,17,188
1910533.252,5787141.821,17,189
1910533.4,5787041.731,17,190
1910597.718,5786964.937,17,191
1910617.12,5786941.762,17,192
1910617.17,5786909.618,17,193
1910617.369,5786775.105,17,194
1910384.017,5786524.535,17,195
1910384.28,5786340.862,17,196
1910786.886,5786341.444,17,197
1910818.377,5786341.494,17,198
1910935.088,5786275.107,17,199
1910986.897,5786204.112,17,200
1911068.976,5786091.635,17,201
1911219.603,5785958.222,17,202
1911303.587,5785474.4,17,203
1911370.593,5785374.401,17,204
1911371.079,5785040.599,17,205
1911321.249,5784890.379,17,206
1911338.326,5784640.18,17,207
1911388.494,5784556.667,17,208
1911388.56,5784506.627,17,209
1911255.315,5784456.388,17,210
1911222.076,5784389.781,17,211
1911088.337,5784473.164,17,212
1910971.576,5784439.461,17,213
1910921.458,5784489.441,17,214
1910921.334,5784572.514,17,215
1910837.639,5784655.967,17,216
1910670.57,5784739.31,17,217
1910553.759,5784739.14,17,218
1910120.086,5784587.881,17,219
1910036.654,5784621.294,17,220
1909919.926,5784571.074,17,221
1909535.653,5784653.597,17,222
1909318.73,5784669.804,17,223
1909094.864,5784609.905,17,224
1909068.6,5784602.878,17,225
1908887.117,5784583.424,17,226
1908751.564,5784568.894,17,227
1908534.542,5784451.479,17,228
1908367.662,5784468.255,17,229
1908184.102,5784534.552,17,230
1908117.219,5784618.035,17,231
1908130.948,5784680.48,17,232
1908150.236,5784768.214,17,233
1908250.2,5784851.937,17,234
1908450.591,5784918.783,17,235
1908550.679,5784918.923,17,236
1908617.247,5785052.646,17,237
1908683.346,5785370.021,17,238
1908911.65,5785498.822,17,239
1903663.688,5760596.494,18,0
1903580.504,5760529.828,18,1
1903563.757,5760479.758,18,2
1903647.394,5760429.828,18,3
1903630.787,5760346.225,18,4
1903497.254,5760279.499,18,5
1903497.295,5760245.976,18,6
1903614.205,5760162.542,18,7
1903697.777,5760162.653,18,8
1903697.925,5760046.046,18,9
1903748.035,5759996.066,18,10
1903748.101,5759946.026,18,11
1903748.208,5759862.453,18,12
1903798.335,5759795.957,18,13
1903798.359,5759778.94,18,14
1903798.417,5759728.891,18,15
1903731.881,5759712.294,18,16
1903581.419,5759812.194,18,17
1903481.34,5759812.064,18,18
1903481.381,5759778.541,18,19
1903548.205,5759728.581,18,20
1903548.263,5759678.531,18,21
1903464.84,5759561.825,18,22
1903314.799,5759494.578,18,23
1903164.683,5759477.872,18,24
1903147.87,5759560.925,18,25
1903114.49,5759594.408,18,26
1903064.471,5759577.831,18,27
1903031.092,5759460.685,18,28
1902864.485,5759276.813,18,29
1902530.841,5759159.787,18,30
1902480.863,5759109.687,18,31
1902430.968,5758992.521,18,32
1902330.962,5758925.834,18,33
1902047.577,5758641.722,18,34
1901914.291,5758541.472,18,35
1901721.701,5758481.675,18,36
1901480.593,5758406.81,18,37
1901480.651,5758356.77,18,38
1901530.76,5758306.78,18,39
1901530.826,5758256.74,18,40
1901314.208,5758039.784,18,41
1901314.422,5757872.638,18,42
1901464.678,5757772.739,18,43
1901681.569,5757773.009,18,44
1901748.294,5757873.678,18,45
1902065.124,5757990.674,18,46
1902298.869,5757957.941,18,47
1902299.018,5757840.835,18,48
1902349.119,5757790.855,18,49
1902335.959,5757750.703,18,50
1902332.669,5757740.795,18,51
1902132.278,5757757.062,18,52
1902132.32,5757724.029,18,53
1902065.842,5757656.883,18,54
1901932.226,5757656.722,18,55
1901808.423,5757577.199,18,56
1901515.407,5757388.967,18,57
1901231.75,5757322.05,18,58
1901097.985,5757438.487,18,59
1901097.821,5757572.1,18,60
1901164.571,5757655.763,18,61
1901114.403,5757755.782,18,62
1900763.88,5757688.286,18,63
1900530.201,5757671.479,18,64
1900313.253,5757721.25,18,65
1900112.508,5757937.685,18,66
1899828.686,5757847.254,18,67
1899745.23,5757913.71,18,68
1899745.082,5758030.806,18,69
1899711.472,5758097.323,18,70
1899528.117,5758097.093,18,71
1899294.496,5758030.237,18,72
1898943.948,5757996.273,18,73
1898426.629,5757745.414,18,74
1898193.14,5757577.979,18,75
1898093.035,5757594.865,18,76
1898326.31,5757928.937,18,77
1898660.102,5758079.487,18,78
1898743.302,5758213.209,18,79
1898759.802,5758379.865,18,80
1898859.865,5758396.512,18,81
1898908.904,5758478.145,18,82
1898910.107,5758480.145,18,83
1898926.426,5758630.294,18,84
1899059.72,5758880.674,18,85
1899042.676,5759298.008,18,86
1899109.352,5759364.655,18,87
1899276.248,5759398.388,18,88
1899309.346,5759498.518,18,89
1899593.111,5759716.063,18,90
1899576.232,5759766.083,18,91
1899476.061,5759832.52,18,92
1899509.284,5759916.133,18,93
1899759.529,5760050.065,18,94
1899953.761,5760125.052,18,95
1900209.488,5760223.78,18,96
1900493.252,5760207.623,18,97
1900660.008,5760274.899,18,98
1900860.538,5760225.11,18,99
1900893.835,5760175.11,18,100
1900743.744,5760141.387,18,101
1900610.244,5760057.644,18,102
1900593.876,5759941.028,18,103
1900627.247,5759907.534,18,104
1900727.351,5759891.148,18,105
1900844.022,5759991.387,18,106
1900977.596,5760025.081,18,107
1901027.574,5760075.19,18,108
1901027.533,5760108.224,18,109
1901045.231,5760120.109,18,110
1901055.158,5760126.777,18,111
1901077.536,5760141.807,18,112
1901144.435,5760108.364,18,113
1901294.583,5760092.047,18,114
1901327.682,5760192.177,18,115
1901461.297,5760192.346,18,116
1901478.177,5760142.317,18,117
1901411.451,5760042.147,18,118
1901528.452,5759959.224,18,119
1901611.751,5759942.317,18,120
1901611.668,5760003.932,18,121
1901611.661,5760009.373,18,122
1901645.147,5760042.447,18,123
1901762.048,5760043.097,18,124
1901778.416,5760159.713,18,125
1901945.238,5760176.44,18,126
1902178.636,5760410.442,18,127
1902178.488,5760527.548,18,128
1902144.87,5760594.065,18,129
1902378.508,5760644.404,18,130
1902529.027,5760578.038,18,131
1902562.126,5760678.167,18,132
1902745.612,5760812.01,18,133
1902862.151,5760862.21,18,134
1903186.707,5760895.228,18,135
1903195.901,5760896.163,18,136
1903212.674,5760929.716,18,137
1903329.41,5760979.906,18,138
1903680.015,5760980.356,18,139
1903730.01,5761013.949,18,140
1903879.037,5761023.971,18,141
1903934.821,5761027.723,18,142
1903980.213,5761030.776,18,143
1903997.051,5760930.716,18,144
1903680.229,5760813.71,18,145
1903663.688,5760596.494,18,146
1901563.538,5758740.702,18,147
1901663.387,5758924.495,18,148
1901796.92,5758991.721,18,149
1901779.999,5759074.764,18,150
1901479.603,5759024.344,18,151
1901396.147,5759091.3,18,152
1901262.597,5759040.591,18,153
1901329.727,5758823.985,18,154
1901313.021,5758740.392,18,155
1901463.474,5758724.065,18,156
1901563.538,5758740.702,18,157
1931482.66,5753180.634,19,0
1931490.37,5753177.234,19,1
1931566.397,5753143.591,19,2
1931632.899,5753114.247,19,3
1931633.064,5752980.604,19,4
1931550.029,5752780.285,19,5
1931483.691,5752346.243,19,6
1931350.479,5752245.964,19,7
1931317.372,5752062.231,19,8
1931400.944,5751912.172,19,9
1931451.672,5751528.32,19,10
1931518.39,5751411.784,19,11
1931402.156,5751094.298,19,12
1931318.667,5751010.605,19,13
1930934.757,5751010.135,19,14
1930851.531,5750959.986,19,15
1930768.207,5750742.65,19,16
1930451.295,5750558.567,19,17
1930501.636,5750324.885,19,18
1930585.331,5750241.892,19,19
1930568.815,5750074.696,19,20
1930502.048,5749991.533,19,21
1930485.672,5749874.387,19,22
1930402.166,5749807.71,19,23
1930435.801,5749724.167,19,24
1930585.925,5749757.88,19,25
1930617.984,5749733.895,19,26
1930652.856,5749707.911,19,27
1930653.095,5749507.701,19,28
1930402.809,5749523.908,19,29
1930285.768,5749623.878,19,30
1930185.399,5749673.807,19,31
1930135.141,5749840.424,19,32
1930054.405,5749866.489,19,33
1929937.752,5749904.151,19,34
1929951.465,5749823.687,19,35
1929901.536,5749723.517,19,36
1929851.525,5749689.924,19,37
1929757.116,5749589.178,19,38
1929634.717,5749505.961,19,39
1929534.654,5749472.308,19,40
1929484.544,5749522.298,19,41
1929601.321,5749639.565,19,42
1929517.675,5749689.514,19,43
1929534.291,5749772.627,19,44
1929917.888,5750023.856,19,45
1930017.951,5750057.509,19,46
1930084.701,5750157.699,19,47
1930067.723,5750290.822,19,48
1930034.426,5750340.831,19,49
1930050.794,5750457.978,19,50
1930134.283,5750541.671,19,51
1930167.374,5750658.327,19,52
1930267.355,5750758.557,19,53
1930317.242,5750892.259,19,54
1930550.806,5751042.709,19,55
1930600.635,5751226.461,19,56
1931001.07,5751460.704,19,57
1931100.894,5751694.576,19,58
1931184.037,5751811.802,19,59
1931183.913,5751911.902,19,60
1931016.663,5752212.021,19,61
1931032.932,5752412.26,19,62
1931199.58,5752596.153,19,63
1931282.715,5752963.648,19,64
1931332.66,5753046.801,19,65
1931332.602,5753096.851,19,66
1931282.484,5753146.851,19,67
1931315.781,5753180.424,19,68
1931482.66,5753180.634,19,69
1891699.801,5765929.489,20,0
1891757.415,5766079.808,20,1
1891824.107,5766129.938,20,2
1891894.683,5766130.028,20,3
1892074.608,5766130.266,20,4
1892224.459,5766330.615,20,5
1892358.025,5766364.319,20,6
1892424.841,5766314.37,20,7
1892441.721,5766264.35,20,8
1892558.383,5766214.461,20,9
1892892.785,5765731.009,20,10
1892892.851,5765680.969,20,11
1892609.343,5765513.463,20,12
1892108.754,5765429.24,20,13
1891875.372,5765195.748,20,14
1891625.382,5764878.172,20,15
1891191.478,5764693.96,20,16
1890974.546,5764510.028,20,17
1890824.711,5764293.162,20,18
1890791.422,5764109.479,20,19
1890708.271,5764025.796,20,20
1890641.612,5763875.597,20,21
1890508.178,5763741.814,20,22
1890307.969,5763624.968,20,23
1890208.136,5763441.185,20,24
1890074.661,5763340.935,20,25
1889924.495,5763374.269,20,26
1889707.415,5763306.943,20,27
1889590.605,5763240.236,20,28
1889523.855,5763240.146,20,29
1889451.671,5763297.624,20,30
1889440.407,5763306.593,20,31
1889473.555,5763440.245,20,32
1889623.572,5763674.128,20,33
1889623.003,5764341.652,20,34
1889505.697,5764658.247,20,35
1889422.027,5764741.711,20,36
1889255.255,5764691.451,20,37
1889188.496,5764624.814,20,38
1889205.433,5764524.255,20,39
1889288.832,5764424.285,20,40
1889272.381,5764374.225,20,41
1889222.189,5764341.132,20,42
1889189.04,5764207.489,20,43
1889122.266,5764223.916,20,44
1889055.326,5764290.882,20,45
1888938.49,5764323.755,20,46
1888687.883,5764640.681,20,47
1888687.339,5765057.506,20,48
1888720.817,5765091.079,20,49
1888987.751,5765074.912,20,50
1889037.853,5765024.933,20,51
1889254.867,5764991.69,20,52
1890139.3,5765192.998,20,53
1890306.344,5765260.265,20,54
1890656.619,5765260.725,20,55
1890789.979,5765444.537,20,56
1891090.161,5765645.096,20,57
1891123.441,5765828.779,20,58
1891173.37,5765911.912,20,59
1891223.579,5765928.809,20,60
1891273.408,5765945.576,20,61
1891357.061,5765879.13,20,62
1891424.067,5765762.125,20,63
1891540.86,5765762.275,20,64
1891674.137,5765862.524,20,65
1891699.801,5765929.489,20,66
1890290.677,5764225.425,20,67
1890140.537,5764242.242,20,68
1890090.286,5764175.126,20,69
1890090.435,5764058.529,20,70
1890174.023,5764042.123,20,71
1890224.042,5764058.699,20,72
1890340.828,5764142.422,20,73
1890340.787,5764175.446,20,74
1890290.677,5764225.425,20,75
1916283.738,5781674.993,21,0
1916317.118,5781628.453,21,1
1916300.865,5781444.75,21,2
1916250.937,5781361.097,21,3
1916201.173,5781160.838,21,4
1915901.016,5780860.12,21,5
1915500.598,5780742.443,21,6
1914933.407,5780641.544,21,7
1914632.92,5780640.614,21,8
1914465.967,5780640.384,21,9
1914299.038,5780690.194,21,10
1914215.219,5780857.23,21,11
1914164.911,5781040.333,21,12
1913964.587,5781140.143,21,13
1913763.669,5781440.141,21,14
1913696.407,5781790.88,21,15
1913696.259,5781890.98,21,16
1913729.399,5781957.586,21,17
1913529,5782107.446,21,18
1913478.807,5782207.465,21,19
1913478.395,5782357.605,21,20
1913411.53,5782424.271,21,21
1913194.243,5782624.45,21,22
1912977.287,5782590.607,21,23
1912826.957,5782723.52,21,24
1912509.5,5782840.176,21,25
1912292.354,5783006.522,21,26
1912008.524,5783056.162,21,27
1912025.115,5783139.265,21,28
1912158.739,5783139.955,21,29
1912392.401,5783040.195,21,30
1912659.937,5782840.396,21,31
1913204.682,5782759.521,21,32
1913327.702,5782741.257,21,33
1913460.831,5782875.069,21,34
1913644.384,5782958.912,21,35
1913661.131,5783008.982,21,36
1913777.867,5783059.192,21,37
1913978.052,5783059.482,21,38
1914044.794,5783143.155,21,39
1914344.934,5783243.675,21,40
1914378.396,5783293.774,21,41
1914278.134,5783410.241,21,42
1914311.126,5783577.447,21,43
1914077.167,5783743.773,21,44
1913776.251,5784043.621,21,45
1913526.064,5784009.728,21,46
1913453.933,5784081.567,21,47
1913378.152,5784157.04,21,48
1913275.167,5784259.607,21,49
1913008.266,5784226.194,21,50
1912740.804,5784375.943,21,51
1912356.803,5784474.983,21,52
1912286.244,5784531.572,21,53
1912273.331,5784541.93,21,54
1912289.724,5784625.033,21,55
1912389.622,5784758.796,21,56
1912356.103,5784958.935,21,57
1912538.987,5785293.017,21,58
1912672.496,5785376.78,21,59
1912822.661,5785360.484,21,60
1912989.73,5785277.151,21,61
1912989.829,5785210.584,21,62
1912906.529,5785160.414,21,63
1912940.049,5785026.841,21,64
1912973.626,5784993.358,21,65
1913090.412,5785010.545,21,66
1913290.456,5785110.924,21,67
1913374.06,5785094.528,21,68
1913491.135,5784977.591,21,69
1913774.85,5785011.534,21,70
1913775.097,5784844.878,21,71
1913725.119,5784794.758,21,72
1913658.278,5784777.642,21,73
1913691.806,5784644.569,21,74
1913975.57,5784644.969,21,75
1914059.101,5784678.622,21,76
1914042.065,5784828.742,21,77
1914008.364,5784945.308,21,78
1913958.221,5785011.794,21,79
1913824.135,5785328.9,21,80
1913840.594,5785579.159,21,81
1914024.097,5785696.535,21,82
1914090.509,5785796.725,21,83
1914624.543,5785914.611,21,84
1914891.593,5785915,21,85
1915125.214,5785981.897,21,86
1915242.049,5785965.55,21,87
1915459.278,5785815.721,21,88
1915542.998,5785715.751,21,89
1915526.333,5785615.632,21,90
1915476.404,5785531.979,21,91
1915493.457,5785365.343,21,92
1915627.007,5785215.393,21,93
1915660.732,5785081.82,21,94
1915678.032,5784748.028,21,95
1915828.345,5784631.632,21,96
1915828.634,5784431.443,21,97
1915745.376,5784347.74,21,98
1915377.924,5784413.776,21,99
1915177.814,5784363.437,21,100
1915194.768,5784263.367,21,101
1915233.842,5784228.691,21,102
1915495.444,5783996.541,21,103
1915562.401,5783863.508,21,104
1915713.077,5783696.572,21,105
1915746.596,5783496.423,21,106
1915696.89,5783262.63,21,107
1915563.778,5783112.301,21,108
1915594.291,5783021.198,21,109
1915614.044,5782962.222,21,110
1915597.536,5782745.496,21,111
1915481.286,5782494.587,21,112
1915497.943,5782394.517,21,113
1915765.677,5782061.075,21,114
1915999.562,5781944.799,21,115
1916083.159,5781794.779,21,116
1916233.571,5781744.94,21,117
1916283.738,5781674.993,21,118
1898158.688,5773513.945,22,0
1897858.07,5773563.575,22,1
1897674.212,5773713.954,22,2
1897674.006,5773864.083,22,3
1897790.511,5774147.976,22,4
1897740.401,5774197.956,22,5
1897389.879,5774147.436,22,6
1897239.599,5774263.822,22,7
1897239.392,5774413.952,22,8
1897005.4,5774630.818,22,9
1896955.109,5774813.9,22,10
1897038.655,5774831.027,22,11
1897155.639,5774764.13,22,12
1897272.442,5774764.29,22,13
1897522.852,5774614.511,22,14
1897656.459,5774614.691,22,15
1897939.943,5774798.733,22,16
1897956.55,5774948.883,22,17
1898039.965,5775066.089,22,18
1898090,5775066.159,22,19
1898190.361,5774865.63,22,20
1898257.234,5774782.647,22,21
1898374.243,5774699.234,22,22
1898424.221,5774749.343,22,23
1898574.345,5774749.553,22,24
1898674.491,5774849.773,22,25
1898707.705,5774933.386,22,26
1898707.26,5775400.781,22,27
1898807.133,5775551.05,22,28
1898807.068,5775601.09,22,29
1898756.908,5775684.093,22,30
1898756.405,5776051.398,22,31
1898806.35,5776118.025,22,32
1898956.664,5776201.808,22,33
1898989.639,5776385.5,22,34
1898972.751,5776652.706,22,35
1898888.932,5776835.749,22,36
1898902.985,5776934.608,22,37
1898905.242,5776950.482,22,38
1898905.581,5776952.865,22,39
1899089.117,5777036.698,22,40
1899155.735,5777136.867,22,41
1899539.81,5777170.43,22,42
1899656.653,5777137.557,22,43
1899706.516,5777270.74,22,44
1899865.512,5777366.841,22,45
1899933.417,5777478.228,22,46
1900117.052,5777495.005,22,47
1900467.409,5777662.63,22,48
1900768.119,5777479.388,22,49
1900835.026,5777229.269,22,50
1900835.257,5777137.687,22,51
1900835.578,5777045.606,22,52
1900702.127,5776928.82,22,53
1900552.07,5776878.57,22,54
1900418.602,5776777.8,22,55
1900402.201,5776694.707,22,56
1900435.473,5776661.224,22,57
1900635.526,5776745.077,22,58
1900669.103,5776711.594,22,59
1900602.674,5776477.802,22,60
1900636.408,5776327.712,22,61
1900620.287,5775827.264,22,62
1900653.997,5775693.691,22,63
1900487.364,5775543.342,22,64
1900470.551,5775543.312,22,65
1900303.705,5775543.092,22,66
1899903.369,5775325.356,22,67
1899868.472,5775231.725,22,68
1899826.163,5774918.399,22,69
1899726.265,5774784.646,22,70
1899375.767,5774566.99,22,71
1899292.533,5774466.791,22,72
1899259.302,5774250.055,22,73
1899309.578,5774082.989,22,74
1899393.322,5773949.986,22,75
1899627.339,5773716.604,22,76
1899694.172,5773516.524,22,77
1899939.782,5773439.79,22,78
1899890.242,5773072.415,22,79
1899924.181,5772772.196,22,80
1899990.849,5772688.713,22,81
1900124.49,5772672.386,22,82
1900308.009,5772772.716,22,83
1900374.85,5772706.249,22,84
1900391.523,5772589.673,22,85
1900558.716,5772406.24,22,86
1900558.831,5772322.667,22,87
1900525.551,5772289.094,22,88
1900525.617,5772239.054,22,89
1900676.244,5772089.125,22,90
1900743.052,5771906.062,22,91
1900743.546,5771688.876,22,92
1900810.305,5771538.827,22,93
1900793.928,5771438.727,22,94
1900627.247,5771321.401,22,95
1900493.631,5771321.221,22,96
1900376.482,5771504.724,22,97
1900293.142,5771554.654,22,98
1900226.062,5771721.2,22,99
1900074.767,5771769.04,22,100
1899846.44,5771797.764,22,101
1899679.338,5771914.13,22,102
1899562.337,5772064.61,22,103
1899628.84,5772247.852,22,104
1899595.436,5772381.425,22,105
1899511.947,5772464.878,22,106
1899228.076,5772564.578,22,107
1898894.028,5772614.178,22,108
1898309.901,5772496.292,22,109
1898209.903,5772429.596,22,110
1898059.878,5772212.21,22,111
1898060.142,5772012.041,22,112
1898093.81,5771912.001,22,113
1898043.469,5771911.941,22,114
1898030.136,5771925.26,22,115
1898012.341,5771943.035,22,116
1897859.867,5772095.344,22,117
1897809.642,5772228.886,22,118
1897792.557,5772429.036,22,119
1897659.04,5772578.985,22,120
1897358.536,5772545.052,22,121
1897091.478,5772428.086,22,122
1896874.571,5772444.313,22,123
1896277.327,5772562.844,22,124
1896123.251,5772593.422,22,125
1896139.826,5772693.532,22,126
1896323.32,5772810.878,22,127
1896206.205,5773044.411,22,128
1896222.696,5773211.067,22,129
1896272.666,5773261.176,22,130
1896356.081,5773227.763,22,131
1896372.977,5773094.68,22,132
1896439.653,5773094.768,22,133
1896456.548,5773094.79,22,134
1896474.215,5773156.928,22,135
1896489.713,5773211.436,22,136
1896523.191,5773245.01,22,137
1896602.755,5773245.115,22,138
1896606.466,5773245.12,22,139
1896656.617,5773161.617,22,140
1896640.134,5772994.951,22,141
1896740.502,5772928.034,22,142
1896873.895,5772945.231,22,143
1897023.994,5773112.067,22,144
1897190.857,5773162.336,22,145
1897157.396,5773262.376,22,146
1897240.654,5773346.059,22,147
1897390.91,5773396.309,22,148
1897708.037,5773346.689,22,149
1898142.032,5773397.318,22,150
1898175.287,5773447.409,22,151
1898158.688,5773513.945,22,152
1935229.91,5770678.932,23,0
1935230.479,5770261.477,23,1
1935180.6,5770128.264,23,2
1935181.02,5769965.987,23,3
1935156.759,5769840.927,23,4
1935014.24,5769894.282,23,5
1934913.5,5770210.997,23,6
1934896.341,5770461.246,23,7
1934946.302,5770528.393,23,8
1934946.121,5770661.535,23,9
1934896.028,5770694.999,23,10
1934891.591,5770717.224,23,11
1934879.19,5770778.571,23,12
1934511.903,5770844.648,23,13
1934361.589,5770961.075,23,14
1934360.996,5771244.877,23,15
1934394.466,5771294.977,23,16
1934694.557,5771462.563,23,17
1934627.304,5771746.285,23,18
1934660.559,5771946.544,23,19
1934634.857,5772223.547,23,20
1934626.52,5772313.399,23,21
1934578.891,5772484.981,23,22
1934544.031,5772610.566,23,23
1934492.209,5772797.25,23,24
1934458.583,5773081.012,23,25
1934324.572,5773348.118,23,26
1934290.855,5773481.211,23,27
1934223.907,5773531.181,23,28
1934223.751,5773648.307,23,29
1934190.471,5773681.8,23,30
1934023.418,5773731.121,23,31
1934023.352,5773781.171,23,32
1934123.366,5773848.387,23,33
1934123.16,5773998.546,23,34
1934072.919,5774132.119,23,35
1934055.784,5774432.428,23,36
1934122.468,5774499.094,23,37
1934353.378,5774499.905,23,38
1934356.015,5774499.914,23,39
1934418.395,5774534.507,23,40
1934843.963,5774592.965,23,41
1934940.25,5774567.29,23,42
1934940.596,5774317.021,23,43
1935057.687,5774200.555,23,44
1935107.764,5774184.099,23,45
1935107.83,5774133.549,23,46
1935090.289,5774091.266,23,47
1935024.72,5773933.209,23,48
1934940.967,5774050.226,23,49
1934807.484,5774150.156,23,50
1934740.659,5774116.523,23,51
1934657.211,5774016.303,23,52
1934640.967,5773816.064,23,53
1934697.652,5773609.152,23,54
1934741.582,5773448.798,23,55
1934758.815,5773148.49,23,56
1934792.417,5773098.49,23,57
1934792.636,5772939.272,23,58
1934793.251,5772492.973,23,59
1934793.408,5772380.706,23,60
1934843.65,5772247.123,23,61
1934844.598,5772236.865,23,62
1934860.62,5772063.45,23,63
1934960.931,5771913.42,23,64
1935045.005,5771563.152,23,65
1934995.019,5771513.032,23,66
1934961.92,5771412.872,23,67
1935012.129,5771296.316,23,68
1935010.45,5771293.279,23,69
1934928.75,5771145.539,23,70
1935037.155,5771099.736,23,71
1935045.64,5771096.147,23,72
1935129.344,5771012.664,23,73
1935179.536,5770912.624,23,74
1935229.91,5770678.932,23,75
1934845.291,5771195.477,23,76
1934778.466,5771228.93,23,77
1934628.466,5771112.094,23,78
1934611.785,5771011.964,23,79
1934678.708,5770978.521,23,80
1934811.862,5771112.344,23,81
1934845.291,5771195.477,23,82
1893521.316,5770754.427,24,0
1893571.286,5770804.526,24,1
1893804.998,5770788.33,24,2
1893871.765,5770854.976,24,3
1894055.391,5770871.733,24,4
1894072.172,5770821.713,24,5
1894022.268,5770721.563,24,6
1894055.639,5770688.58,24,7
1894389.299,5770772.093,24,8
1894589.656,5770772.363,24,9
1894706.78,5770605.887,24,10
1894806.951,5770539.46,24,11
1895091.102,5770222.575,24,12
1895158.059,5770072.545,24,13
1895375.419,5769789.103,24,14
1895392.158,5769622.487,24,15
1895459.18,5769421.908,24,16
1895643.211,5769138.915,24,17
1895643.368,5769021.819,24,18
1895326.266,5768904.803,24,19
1895125.9,5768904.533,24,20
1894825.487,5768804.054,24,21
1894692.201,5768786.867,24,22
1894575.152,5768903.803,24,23
1894475.047,5768920.19,24,24
1894207.989,5768803.244,24,25
1894041.126,5768819.53,24,26
1893857.145,5769069.49,24,27
1893856.922,5769236.125,24,28
1894023.793,5769437.015,24,29
1894040.145,5769553.631,24,30
1893973.395,5769703.67,24,31
1893873.175,5769803.62,24,32
1893789.586,5769820.517,24,33
1893772.889,5769736.924,24,34
1893906.628,5769637.024,24,35
1893923.532,5769569.988,24,36
1893723.422,5769303.012,24,37
1893356.243,5769218.949,24,38
1893256.114,5769252.352,24,39
1893255.957,5769368.938,24,40
1893355.971,5769419.118,24,41
1893355.814,5769536.214,24,42
1893456.149,5769569.368,24,43
1893455.91,5769753.02,24,44
1893372.207,5769852.99,24,45
1893355.443,5770036.623,24,46
1893221.547,5770253.619,24,47
1893221.258,5770470.294,24,48
1893521.432,5770670.854,24,49
1893521.316,5770754.427,24,50
1895048.372,5753935.91,25,0
1895142.326,5753953.146,25,1
1895159.246,5753869.593,25,2
1895025.886,5753669.264,25,3
1894942.422,5753585.591,25,4
1894825.545,5753568.935,25,5
1894708.602,5753685.391,25,6
1894708.52,5753752.447,25,7
1894775.196,5753819.084,25,8
1894958.724,5753919.393,25,9
1895048.372,5753935.91,25,10
1905572.156,5756677.892,26,0
1905738.747,5756878.781,26,1
1905872.123,5756911.984,26,2
1905898.196,5756906.864,26,3
1905955.72,5756895.568,26,4
1905988.802,5757012.214,26,5
1906205.693,5757096.067,26,6
1906389.146,5757263.443,26,7
1906422.245,5757363.572,26,8
1906505.561,5757413.722,26,9
1906572.212,5757497.385,26,10
1906705.786,5757531.078,26,11
1906956.015,5757531.398,26,12
1907156.686,5757381.508,26,13
1907156.752,5757331.469,26,14
1906940.067,5757080.47,26,15
1906856.537,5757047.336,26,16
1906806.6,5756963.693,26,17
1906807.276,5756663.425,26,18
1906957.351,5756713.654,26,19
1907030.876,5756669.592,26,20
1907040.683,5756663.715,26,21
1907090.727,5756663.774,26,22
1907116.221,5756630.16,26,23
1907141.159,5756597.278,26,24
1907174.835,5756246.5,26,25
1907141.687,5756179.903,26,26
1906958.084,5756129.623,26,27
1906958.183,5756046.05,26,28
1907058.791,5755795.951,26,29
1907025.469,5755628.755,26,30
1907109.132,5755562.299,26,31
1907126.258,5755312.09,26,32
1907054.762,5755192.708,26,33
1906926.198,5754978.038,26,34
1906909.846,5754844.395,26,35
1906959.997,5754760.882,26,36
1907093.704,5754694.485,26,37
1907227.138,5754678.139,26,38
1907227.097,5754711.672,26,39
1907160.157,5754778.148,26,40
1907193.602,5754844.745,26,41
1907327.111,5754778.359,26,42
1907427.232,5754912.101,26,43
1907510.589,5754928.718,26,44
1907744.606,5754678.779,26,45
1907711.342,5754628.689,26,46
1907711.491,5754512.083,26,47
1907928.612,5754412.263,26,48
1907961.925,5754345.247,26,49
1907911.98,5754262.104,26,50
1907828.722,5754244.987,26,51
1907711.656,5754378.47,26,52
1907594.886,5754344.787,26,53
1907544.95,5754261.154,26,54
1907444.944,5754194.467,26,55
1907244.463,5754194.217,26,56
1907244.397,5754244.267,26,57
1907194.287,5754294.247,26,58
1906860.569,5754226.781,26,59
1906710.437,5754226.591,26,60
1906342.936,5754359.763,26,61
1906276.079,5754442.747,26,62
1906259.819,5754621.052,26,63
1906259.332,5754626.399,26,64
1906299.42,5754693.527,26,65
1906309.277,5754710.032,26,66
1906459.343,5754760.262,26,67
1906509.329,5754810.372,26,68
1906509.206,5754910.461,26,69
1906425.502,5755010.451,26,70
1906508.851,5755194.224,26,71
1906458.741,5755244.203,26,72
1906425.213,5755244.164,26,73
1906258.367,5755160.381,26,74
1906242.098,5754960.181,26,75
1905991.762,5754893.305,26,76
1905958.531,5754809.692,26,77
1905775.062,5754659.333,26,78
1905758.669,5754558.723,26,79
1905808.82,5754475.71,26,80
1905859.425,5754024.862,26,81
1905642.262,5754241.787,26,82
1905609.097,5754108.125,26,83
1905525.526,5754108.025,26,84
1905508.68,5754208.094,26,85
1905391.762,5754224.461,26,86
1905224.742,5754357.884,26,87
1905224.701,5754391.407,26,88
1905091.184,5754474.32,26,89
1905090.854,5754574.41,26,90
1905024.112,5754724.459,26,91
1905107.222,5754858.182,26,92
1905073.884,5754941.715,26,93
1905056.84,5755125.358,26,94
1905156.681,5755325.667,26,95
1905106.554,5755392.164,26,96
1904972.955,5755375.477,26,97
1905006.631,5755258.421,26,98
1904840.073,5755025.008,26,99
1904756.477,5755041.415,26,100
1904489.468,5755024.068,26,101
1904389.438,5754973.899,26,102
1904423.106,5754707.203,26,103
1904456.65,5754690.236,26,104
1904456.773,5754590.147,26,105
1904451.875,5754588.537,26,106
1904406.754,5754573.57,26,107
1904323.034,5754690.066,26,108
1904322.622,5755023.868,26,109
1904372.6,5755073.968,26,110
1904572.669,5755157.791,26,111
1904656.141,5755241.474,26,112
1904789.164,5755475.346,26,113
1905006.054,5755559.19,26,114
1905206.263,5755693.052,26,115
1905239.428,5755826.215,26,116
1905423.046,5755859.978,26,117
1905489.656,5755977.164,26,118
1905606.112,5756093.911,26,119
1905906.764,5756027.724,26,120
1905806.511,5756161.217,26,121
1905822.648,5756461.516,26,122
1905755.7,5756527.992,26,123
1905639.104,5756527.842,26,124
1905572.255,5756594.819,26,125
1905572.156,5756677.892,26,126
1905473.198,5755776.965,26,127
1905423.253,5755693.322,26,128
1905523.365,5755676.435,26,129
1905573.302,5755760.068,26,130
1905473.198,5755776.965,26,131
1906890.972,5756329.723,26,132
1906624.029,5756329.393,26,133
1906624.153,5756229.303,26,134
1906891.013,5756296.19,26,135
1906890.972,5756329.723,26,136
1906139.313,5756712.135,26,137
1906106.206,5756612.005,26,138
1906239.847,5756595.648,26,139
1906273.02,5756645.738,26,140
1906189.662,5756712.195,26,141
1906139.313,5756712.135,26,142
1849702.455,5763670.308,27,0
1849668.894,5763703.782,27,1
1849618.545,5763953.861,27,2
1849568.451,5764003.82,27,3
1849468.355,5764037.214,27,4
1849551.663,5764220.916,27,5
1849584.588,5764454.589,27,6
1849634.616,5764454.649,27,7
1849684.643,5764454.719,27,8
1849701.77,5764204.6,27,9
1849668.564,5764121.017,27,10
1849768.833,5763954.051,27,11
1849819.076,5763787.524,27,12
1849785.68,5763687.425,27,13
1849702.455,5763670.308,27,14
1891138.721,5767003.29,28,0
1891138.58,5767217.526,28,1
1891138.539,5767280.464,28,2
1891171.778,5767347.06,28,3
1891171.382,5767647.309,28,4
1891371.476,5767848.228,28,5
1891393.772,5767907.776,28,6
1891421.339,5767981.401,28,7
1891504.836,5768031.551,28,8
1891838.603,5768031.991,28,9
1891922.258,5767965.544,28,10
1891955.81,5767798.958,28,11
1892005.977,5767698.438,28,12
1892006.225,5767515.296,28,13
1892123.193,5767381.843,28,14
1892240.176,5767315.436,28,15
1892307.149,5767148.39,28,16
1892290.591,5767031.774,28,17
1892373.965,5766948.321,28,18
1892374.344,5766664.589,28,19
1892357.514,5766654.481,28,20
1892290.839,5766614.439,28,21
1891773.469,5766580.236,28,22
1891556.711,5766496.883,28,23
1891289.628,5766546.573,28,24
1891189.284,5766596.483,28,25
1891089.073,5766696.432,28,26
1891088.875,5766846.552,28,27
1891138.721,5767003.29,28,28
1895783.526,5780879.996,29,0
1895779.466,5780902.831,29,1
1895852.263,5781073.49,29,2
1895879.216,5781136.673,29,3
1895996.01,5781136.833,29,4
1896447.115,5780970.827,29,5
1896547.269,5780920.927,29,6
1896664.352,5780787.474,29,7
1896664.542,5780653.872,29,8
1896547.83,5780520.089,29,9
1896547.731,5780453.542,29,10
1896430.929,5780386.816,29,11
1896330.841,5780386.676,29,12
1896180.626,5780453.023,29,13
1895913.312,5780519.209,29,14
1895829.905,5780619.169,29,15
1895783.526,5780879.996,29,16
1931310.017,5799964.161,30,0
1931443.814,5799864.261,30,1
1931577.545,5799680.779,30,2
1931428.015,5799607.004,30,3
1931217.169,5799727.689,30,4
1930974.997,5799816.951,30,5
1930926.148,5799946.544,30,6
1930876.047,5799980.008,30,7
1930291.63,5800045.664,30,8
1930158.089,5800112.031,30,9
1930157.759,5800195.614,30,10
1930057.473,5800312.58,30,11
1930090.927,5800362.68,30,12
1930558.318,5800229.767,30,13
1930742.167,5800129.957,30,14
1931310.017,5799964.161,30,15
1875405.888,5789020.16,31,0
1875309.372,5788965.43,31,1
1875213.002,5788974.048,31,2
1875212.928,5789030.986,31,3
1875261.034,5789079.237,31,4
1875388.029,5789088.175,31,5
1875405.888,5789020.16,31,6
1851029.796,5755247.763,32,0
1850962.939,5755264.2,32,1
1850879.186,5755431.185,32,2
1850912.623,5755497.762,32,3
1850912.499,5755597.822,32,4
1851123.18,5755711.849,32,5
1851129.381,5755631.605,32,6
1850995.972,5755497.872,32,7
1851029.796,5755247.763,32,8
1893963.549,5747877.663,33,0
1894013.61,5747861.216,33,1
1894046.898,5747811.216,33,2
1894063.926,5747627.584,33,3
1893880.497,5747443.711,33,4
1893813.623,5747460.148,33,5
1893746.725,5747577.164,33,6
1893863.445,5747643.851,33,7
1893963.623,5747811.117,33,8
1893963.549,5747877.663,33,9
1897077.238,5755324.177,34,0
1897077.254,5755307.161,34,1
1896743.405,5755206.671,34,2
1896643.3,5755223.058,34,3
1896576.36,5755290.034,34,4
1896576.13,5755473.687,34,5
1896509.429,5755590.203,34,6
1896525.756,5755740.352,34,7
1896588.375,5755850.42,34,8
1896592.464,5755857.529,34,9
1896675.995,5755890.662,34,10
1896842.849,5755874.355,34,11
1896943.02,5755807.919,34,12
1896993.378,5755557.27,34,13
1897077.089,5755440.773,34,14
1897077.238,5755324.177,34,15
1905288.318,5756744.098,35,0
1905455.271,5756661.235,35,1
1905321.796,5756543.959,35,2
1905205.208,5756377.173,35,3
1905021.87,5756276.853,35,4
1904905.042,5756293.22,35,5
1904921.411,5756409.846,35,6
1905104.847,5756593.739,35,7
1905188.056,5756643.888,35,8
1905221.477,5756727.502,35,9
1905221.922,5756727.612,35,10
1905288.318,5756744.098,35,11
1867685.849,5804382.192,36,0
1867409.027,5804335.773,36,1
1867325.909,5804252.089,36,2
1867309.328,5804101.969,36,3
1867242.536,5804134.892,36,4
1867242.256,5804318.505,36,5
1867349.658,5804487.54,36,6
1867445.879,5804504.677,36,7
1867579.1,5804493.364,36,8
1867859.614,5804469.544,36,9
1867909.773,5804386.561,36,10
1867909.922,5804286.501,36,11
1867809.479,5804402.917,36,12
1867685.849,5804382.192,36,13
1877256.149,5790353.657,37,0
1877290.791,5790386.19,37,1
1877524.279,5790503.607,37,2
1877541.043,5790470.114,37,3
1877474.417,5790386.451,37,4
1877345.559,5790297.859,37,5
1877207.499,5790202.938,37,6
1877040.924,5789969.036,37,7
1876940.878,5789951.879,37,8
1876890.768,5790001.839,37,9
1876907.086,5790135.451,37,10
1877023.971,5790135.622,37,11
1877256.149,5790353.657,37,12
1901541.134,5786239.115,38,0
1901589.092,5786091.455,38,1
1901539.287,5785924.739,38,2
1901455.839,5785841.056,38,3
1901422.558,5785874.029,38,4
1901421.849,5786157.771,38,5
1901522.094,5786258.001,38,6
1901541.134,5786239.115,38,7
1926178.175,5777686.836,39,0
1926038.094,5777639.695,39,1
1926004.789,5777689.695,39,2
1925837.893,5777639.415,39,3
1925671.047,5777622.659,39,4
1925654.201,5777639.155,39,5
1925703.907,5777889.484,39,6
1925853.915,5777990.294,39,7
1925870.613,5778073.407,39,8
1925953.83,5778123.567,39,9
1926070.748,5778123.737,39,10
1926104.333,5778090.743,39,11
1926137.778,5777940.644,39,12
1926204.669,5777923.717,39,13
1926287.885,5777973.887,39,14
1926371.63,5777857.381,39,15
1926338.565,5777740.714,39,16
1926178.175,5777686.836,39,17
1897745.795,5784592.731,40,0
1897744.425,5784660.236,40,1
1897944.725,5784777.622,40,2
1898061.569,5784744.259,40,3
1898061.587,5784732.102,40,4
1898061.643,5784694.219,40,5
1897944.684,5784593.969,40,6
1897911.552,5784527.363,40,7
1897811.448,5784543.74,40,8
1897745.795,5784592.731,40,9
1891228.906,5751463.123,41,0
1891305.749,5751478.43,41,1
1891389.378,5751428.49,41,2
1891756.59,5751328.86,41,3
1891756.895,5751326.751,41,4
1891773.469,5751195.768,41,5
1891490.311,5751120.267,41,6
1891205.999,5751044.458,41,7
1891139.38,5751094.418,41,8
1891122.443,5751194.478,41,9
1891228.906,5751463.123,41,10
1845203.753,5799830.308,42,0
1845220.434,5799713.272,42,1
1845387.619,5799646.985,42,2
1845387.519,5799579.949,42,3
1845354.272,5799529.879,42,4
1845254.25,5799513.223,42,5
1845070.434,5799663.022,42,6
1845070.335,5799729.559,42,7
1845203.753,5799830.308,42,8
1900913.37,5780600.273,43,0
1900980.342,5780516.799,43,1
1900863.655,5780366.5,43,2
1900813.636,5780349.923,43,3
1900663.438,5780399.753,43,4
1900613.13,5780449.723,43,5
1900629.745,5780516.299,43,6
1900729.71,5780600.013,43,7
1900913.37,5780600.273,43,8
1915876.313,5783835.714,44,0
1915996.486,5783947.721,44,1
1916079.794,5783930.825,44,2
1916079.844,5783897.791,44,3
1916029.865,5783847.672,44,4
1916029.94,5783797.622,44,5
1916146.924,5783747.742,44,6
1916130.201,5783680.656,44,7
1915947.069,5783513.729,44,8
1915913.558,5783496.663,44,9
1915863.151,5783471.268,44,10
1915813.247,5783646.662,44,11
1915801.926,5783665.508,44,12
1915763.08,5783730.175,44,13
1915876.313,5783835.714,44,14
1916017.999,5784533.514,45,0
1916062.181,5784548.389,45,1
1916095.461,5784515.406,45,2
1916079.068,5784431.802,45,3
1915895.656,5784247.86,45,4
1915845.826,5784097.641,45,5
1915779.134,5784047.501,45,6
1915679.071,5784030.344,45,7
1915666.101,5784043.315,45,8
1915635.576,5784073.84,45,9
1915612.106,5784097.31,45,10
1915612.007,5784163.867,45,11
1915544.276,5784183.206,45,12
1915495.156,5784197.23,45,13
1915478.516,5784280.294,45,14
1915520.948,5784280.418,45,15
1915812.332,5784281.273,45,16
1915962.134,5784514.706,45,17
1915977.397,5784519.844,45,18
1916017.999,5784533.514,45,19
1874789.018,5788386.547,46,0
1874684.229,5788163.033,46,1
1874351.353,5788171.311,46,2
1874241.749,5788249.985,46,3
1874259.107,5788363.882,46,4
1874521.679,5788508.793,46,5
1874688.138,5788487.137,46,6
1874789.018,5788386.547,46,7
1922889.138,5779605.845,47,0
1922913.332,5779837.537,47,1
1922979.875,5779854.144,47,2
1922979.95,5779804.094,47,3
1923013.527,5779771.111,47,4
1923030.439,5779704.065,47,5
1923113.796,5779654.135,47,6
1923030.719,5779503.865,47,7
1922913.786,5779520.223,47,8
1922889.138,5779605.845,47,9
1925582.025,5781187.833,48,0
1925498.544,5781177.065,48,1
1925491.378,5781218.896,48,2
1925587.442,5781243.052,48,3
1925664.97,5781344.471,48,4
1925781.797,5781411.207,48,5
1925789.932,5781399.042,48,6
1925789.96,5781399,48,7
1925848.712,5781311.198,48,8
1925815.572,5781244.581,48,9
1925582.025,5781187.833,48,10
1926391.26,5783136.198,49,0
1926406.535,5783137.896,49,1
1926413.804,5783130.21,49,2
1926582.412,5782951.934,49,3
1926647.456,5782965.041,49,4
1926647.579,5782881.448,49,5
1926582.65,5782783.558,49,6
1926464.173,5782680.979,49,7
1926363.83,5782847.515,49,8
1926246.821,5782914.411,49,9
1926179.882,5783030.938,49,10
1926196.48,5783114.541,49,11
1926391.26,5783136.198,49,12
1927529.372,5784685.581,50,0
1927529.471,5784619.014,50,1
1927329.484,5784468.565,50,2
1927296.171,5784317.866,50,3
1927229.578,5784334.792,50,4
1927162.514,5784468.325,50,5
1926962.082,5784484.552,50,6
1926995.445,5784601.228,50,7
1927045.448,5784634.831,50,8
1927262.396,5784618.625,50,9
1927429.201,5784735.491,50,10
1927479.253,5784735.561,50,11
1927529.372,5784685.581,50,12
1948702.341,5790089.781,51,0
1949055.371,5790215.805,51,1
1949092.914,5790322.683,51,2
1949143.684,5790326.993,51,3
1949160.646,5790300.218,51,4
1949173.385,5790151.068,51,5
1949119.655,5790076.943,51,6
1949012.022,5790036.402,51,7
1948850.495,5790036.162,51,8
1948702.407,5790042.661,51,9
1948702.341,5790089.781,51,10
1907978.277,5754712.602,52,0
1908011.573,5754662.592,52,1
1908111.686,5754646.205,52,2
1908128.566,5754596.175,52,3
1908061.807,5754512.523,52,4
1907995.263,5754495.926,52,5
1907995.181,5754562.482,52,6
1907911.485,5754662.472,52,7
1907911.436,5754696.005,52,8
1907978.277,5754712.602,52,9
1895571.2,5781538.591,53,0
1895566.055,5781569.175,53,1
1895657.798,5781594.8,53,2
1895693.42,5781645.83,53,3
1895754.679,5781594.93,53,4
1895703.892,5781452.099,53,5
1895571.2,5781538.591,53,6
1937204.163,5782526.1,54,0
1937098.113,5782549.576,54,1
1937081.176,5782633.138,54,2
1937231.292,5782666.892,54,3
1937331.331,5782717.092,54,4
1937381.482,5782650.085,54,5
1937331.495,5782599.966,54,6
1937315.177,5782466.292,54,7
1937279.137,5782485.709,54,8
1937204.163,5782526.1,54,9
